id,time,item,qty,cheese,mayo,source,ketchup,salt
1,2023-10-07 10:35:44.198000,唐揚げ,1,false,false,false,false,false
2,2023-10-07 10:38:08.659000,唐揚げ,2,false,false,false,false,false
3,2023-10-07 10:40:13.421000,揚げたこ焼き,1,false,false,false,false,false
4,2023-10-07 10:45:28.253000,揚げたこ焼き,1,false,ture,false,false,false
5,2023-10-07 10:51:34.733000,唐揚げ,1,ture,false,false,false,false
6,2023-10-07 10:52:36.631000,ソーダ,1,false,false,false,false,false
7,2023-10-07 10:55:49.168000,唐揚げ,1,false,false,false,false,false
8,2023-10-07 11:00:07.266000,ソーダ,1,false,false,false,false,false
9,2023-10-07 11:00:45.868000,唐揚げ,1,false,ture,false,false,false
10,2023-10-07 11:07:23.033000,ポテト,1,false,false,false,false,ture
11,2023-10-07 11:09:35.673000,揚げたこ焼き,1,false,ture,false,false,false
12,2023-10-07 11:12:18.013000,揚げたこ焼き,1,false,false,ture,false,false
13,2023-10-07 11:14:22.088000,ポテト,1,false,false,false,false,ture
14,2023-10-07 11:15:06.383000,揚げたこ焼き,2,false,false,false,false,false
15,2023-10-07 11:15:06.383000,ソーダ,1,false,false,false,false,false
16,2023-10-07 11:15:06.383000,コーラ,1,false,false,false,false,false
17,2023-10-07 11:17:24.293000,揚げたこ焼き,1,false,ture,false,false,false
18,2023-10-07 11:23:47.470000,唐揚げ,1,false,ture,false,false,false
19,2023-10-07 11:24:07.312000,ポテト,1,false,false,false,false,ture
20,2023-10-07 11:24:38.034000,ポテト,1,false,false,false,false,false
21,2023-10-07 11:26:49.093000,ポテト,1,false,false,false,false,ture
22,2023-10-07 11:26:49.093000,ファンタグレープ,1,false,false,false,false,false
23,2023-10-07 11:27:42.663000,唐揚げ,1,false,ture,false,false,false
24,2023-10-07 11:28:08.103000,唐揚げ,1,false,false,false,false,false
25,2023-10-07 11:28:39.058000,ソーダ,1,false,false,false,false,false
26,2023-10-07 11:29:44.043000,唐揚げ,1,false,false,false,false,false
27,2023-10-07 11:29:44.043000,揚げたこ焼き,1,false,ture,false,false,false
28,2023-10-07 11:29:56.068000,揚げたこ焼き,1,false,ture,false,false,false
29,2023-10-07 11:32:34.564000,揚げたこ焼き,1,false,ture,false,false,false
30,2023-10-07 11:33:10.903000,揚げたこ焼き,1,false,ture,false,false,false
31,2023-10-07 11:37:27.002000,揚げたこ焼き,1,ture,false,false,false,false
32,2023-10-07 11:37:27.002000,唐揚げ,1,false,false,false,false,false
33,2023-10-07 11:37:27.002000,ポテト,1,false,ture,false,false,false
34,2023-10-07 11:37:27.002000,ソーダ,1,false,false,false,false,false
35,2023-10-07 11:36:48.862000,揚げたこ焼き,1,false,ture,false,false,false
36,2023-10-07 11:37:48.864000,唐揚げ,1,false,ture,false,false,false
37,2023-10-07 11:42:14.634000,唐揚げ,1,false,false,false,false,false
38,2023-10-07 11:42:14.634000,ポテト,1,false,false,false,false,ture
39,2023-10-07 11:46:20.474000,ファンタグレープ,1,false,false,false,false,false
40,2023-10-07 11:46:31.764000,唐揚げ,1,false,false,false,ture,false
41,2023-10-07 11:46:31.764000,唐揚げ,1,false,false,false,ture,false
42,2023-10-07 11:46:31.764000,ポテト,1,false,false,false,false,ture
43,2023-10-07 11:51:00.232000,唐揚げ,1,false,false,false,ture,false
44,2023-10-07 11:51:00.232000,ソーダ,1,false,false,false,false,false
45,2023-10-07 11:53:06.965000,唐揚げ,1,ture,false,false,false,false
46,2023-10-07 11:55:29.956000,揚げたこ焼き,1,false,ture,false,false,false
47,2023-10-07 11:56:26.874000,唐揚げ,1,ture,false,false,false,false
48,2023-10-07 11:56:50.034000,ポテト,2,ture,false,false,false,false
49,2023-10-07 11:57:14.812000,ソーダ,1,false,false,false,false,false
50,2023-10-07 11:58:19.024000,唐揚げ,1,false,ture,false,false,false
51,2023-10-07 11:58:19.024000,ソーダ,1,false,false,false,false,false
52,2023-10-07 11:59:22.912000,ポテト,3,false,ture,false,false,false
53,2023-10-07 11:59:22.912000,唐揚げ,1,false,ture,false,false,false
54,2023-10-07 11:59:56.467000,ソーダ,2,false,false,false,false,false
55,2023-10-07 11:59:56.467000,ポテト,1,false,ture,false,false,false
56,2023-10-07 12:00:26.594000,揚げたこ焼き,1,false,false,ture,false,false
57,2023-10-07 12:00:26.594000,揚げたこ焼き,1,false,ture,false,false,false
58,2023-10-07 12:00:26.594000,唐揚げ,1,false,ture,false,false,false
59,2023-10-07 12:00:26.594000,緑茶,2,false,false,false,false,false
60,2023-10-07 12:01:34.285000,唐揚げ,1,false,false,false,false,false
61,2023-10-07 12:01:34.285000,揚げたこ焼き,1,ture,false,false,false,false
62,2023-10-07 12:01:34.285000,コーラ,1,false,false,false,false,false
63,2023-10-07 12:01:43.902000,揚げたこ焼き,2,false,false,ture,false,false
64,2023-10-07 12:01:43.902000,ポテト,1,false,false,false,false,ture
65,2023-10-07 12:01:43.902000,ポテト,1,false,false,false,ture,false
66,2023-10-07 12:02:54.914000,揚げたこ焼き,1,false,ture,false,false,false
67,2023-10-07 12:04:27.467000,唐揚げ,1,false,ture,false,false,false
68,2023-10-07 12:05:35.624000,緑茶,1,false,false,false,false,false
69,2023-10-07 12:06:38.383000,ポテト,1,ture,false,false,false,false
70,2023-10-07 12:09:18.103000,唐揚げ,2,false,false,false,false,false
71,2023-10-07 12:09:18.103000,ポテト,1,false,false,false,ture,false
72,2023-10-07 12:07:38.648000,揚げたこ焼き,1,false,ture,false,false,false
73,2023-10-07 12:07:38.648000,ポテト,1,ture,false,false,false,false
74,2023-10-07 12:08:34.524000,ポテト,1,false,false,false,false,ture
75,2023-10-07 12:08:46.714000,唐揚げ,1,false,ture,false,false,false
76,2023-10-07 12:08:46.714000,唐揚げ,1,ture,false,false,false,false
77,2023-10-07 12:10:48.291000,唐揚げ,1,false,false,false,false,false
78,2023-10-07 12:12:31.404000,唐揚げ,1,false,false,false,false,false
79,2023-10-07 12:12:51.943000,ソーダ,1,false,false,false,false,false
80,2023-10-07 12:13:13.063000,唐揚げ,1,false,false,false,false,false
81,2023-10-07 12:14:38.184000,唐揚げ,1,false,false,false,false,false
82,2023-10-07 12:18:51.360000,唐揚げ,1,false,false,false,false,false
83,2023-10-07 12:18:51.360000,ポテト,1,false,false,false,ture,false
84,2023-10-07 12:20:00.732000,ポテト,1,false,false,false,false,ture
85,2023-10-07 12:20:00.732000,唐揚げ,1,false,false,false,ture,false
86,2023-10-07 12:20:54.231000,唐揚げ,1,ture,false,false,false,false
87,2023-10-07 12:20:54.231000,コーラ,1,false,false,false,false,false
88,2023-10-07 12:21:24.494000,揚げたこ焼き,1,false,ture,false,false,false
89,2023-10-07 12:21:58.193000,唐揚げ,1,false,false,false,false,false
90,2023-10-07 12:22:24.656000,唐揚げ,1,false,false,false,false,false
91,2023-10-07 12:22:49.303000,唐揚げ,1,false,false,false,false,false
92,2023-10-07 12:23:41.742000,ポテト,1,false,false,false,false,ture
93,2023-10-07 12:23:41.742000,ポテト,1,false,ture,false,false,false
94,2023-10-07 12:24:05.083000,唐揚げ,1,false,ture,false,false,false
95,2023-10-07 12:24:39.191000,緑茶,1,false,false,false,false,false
96,2023-10-07 12:24:39.191000,揚げたこ焼き,1,false,ture,false,false,false
97,2023-10-07 12:24:39.191000,ポテト,1,false,ture,false,false,false
98,2023-10-07 12:25:25.244000,揚げたこ焼き,1,false,ture,false,false,false
99,2023-10-07 12:25:53.403000,揚げたこ焼き,2,false,ture,false,false,false
100,2023-10-07 12:38:45.892000,ポテト,1,false,false,false,false,ture
101,2023-10-07 12:38:45.892000,揚げたこ焼き,1,false,ture,false,false,false
102,2023-10-07 12:38:45.892000,揚げたこ焼き,1,false,false,false,false,false
103,2023-10-07 12:38:45.892000,ソーダ,1,false,false,false,false,false
104,2023-10-07 12:38:45.892000,緑茶,1,false,false,false,false,false
105,2023-10-07 12:26:43.964000,ファンタグレープ,1,false,false,false,false,false
106,2023-10-07 12:27:10.714000,ポテト,1,false,false,false,false,ture
107,2023-10-07 12:27:10.714000,ポテト,1,false,false,false,false,ture
108,2023-10-07 12:27:51.931000,ソーダ,1,false,false,false,false,false
109,2023-10-07 12:27:51.931000,揚げたこ焼き,1,false,ture,false,false,false
110,2023-10-07 12:29:03.723000,唐揚げ,1,false,false,false,false,false
111,2023-10-07 12:31:38.361000,唐揚げ,1,false,false,false,ture,false
112,2023-10-07 12:32:10.868000,ソーダ,1,false,false,false,false,false
113,2023-10-07 12:33:06.624000,ポテト,1,false,false,false,ture,false
114,2023-10-07 12:33:22.515000,ソーダ,1,false,false,false,false,false
115,2023-10-07 12:33:58.733000,唐揚げ,1,false,ture,false,false,false
116,2023-10-07 12:34:21.564000,唐揚げ,1,false,ture,false,false,false
117,2023-10-07 12:35:00.817000,唐揚げ,1,false,false,false,ture,false
118,2023-10-07 12:35:11.231000,唐揚げ,1,false,ture,false,false,false
119,2023-10-07 12:37:07.283000,ポテト,1,false,false,false,ture,false
120,2023-10-07 12:37:07.283000,緑茶,1,false,false,false,false,false
121,2023-10-07 12:38:55.343000,唐揚げ,1,false,false,false,false,false
122,2023-10-07 12:40:41.167000,唐揚げ,1,false,ture,false,false,false
123,2023-10-07 12:41:58.202000,唐揚げ,1,false,false,false,false,false
124,2023-10-07 12:44:31.033000,唐揚げ,1,false,false,false,ture,false
125,2023-10-07 12:45:37.086000,揚げたこ焼き,1,false,ture,false,false,false
126,2023-10-07 12:45:37.086000,唐揚げ,1,false,false,false,ture,false
127,2023-10-07 12:48:28.344000,唐揚げ,1,false,ture,false,false,false
128,2023-10-07 12:51:07.214000,唐揚げ,1,false,ture,false,false,false
129,2023-10-07 12:51:33.114000,ソーダ,1,false,false,false,false,false
130,2023-10-07 12:54:10.362000,唐揚げ,1,false,false,false,false,false
131,2023-10-07 12:54:10.362000,麦茶,1,false,false,false,false,false
132,2023-10-07 12:54:58.021000,緑茶,1,false,false,false,false,false
133,2023-10-07 12:54:58.021000,唐揚げ,1,ture,false,false,false,false
134,2023-10-07 12:54:58.021000,ポテト,1,false,false,false,false,ture
135,2023-10-07 12:55:18.348000,唐揚げ,1,false,false,false,false,false
136,2023-10-07 12:56:39.281000,唐揚げ,1,false,false,false,ture,false
137,2023-10-07 12:56:39.281000,唐揚げ,1,false,false,false,false,false
138,2023-10-07 12:56:39.281000,揚げたこ焼き,1,false,ture,false,false,false
139,2023-10-07 12:57:13.300000,唐揚げ,2,false,ture,false,false,false
140,2023-10-07 12:57:42.566000,唐揚げ,1,false,false,false,false,false
141,2023-10-07 12:58:03.512000,唐揚げ,1,false,ture,false,false,false
142,2023-10-07 12:58:03.512000,揚げたこ焼き,1,false,ture,false,false,false
143,2023-10-07 12:58:27.901000,唐揚げ,1,false,false,false,false,false
144,2023-10-07 13:00:42.626000,ポテト,1,false,false,false,false,ture
145,2023-10-07 13:00:42.626000,揚げたこ焼き,1,ture,false,false,false,false
146,2023-10-07 13:01:38.520000,唐揚げ,1,ture,false,false,false,false
147,2023-10-07 13:01:38.520000,揚げたこ焼き,1,false,ture,false,false,false
148,2023-10-07 13:01:38.520000,ファンタグレープ,1,false,false,false,false,false
149,2023-10-07 13:02:23.650000,唐揚げ,1,false,ture,false,false,false
150,2023-10-07 13:02:23.650000,ポテト,1,false,false,false,ture,false
151,2023-10-07 13:03:20.040000,ポテト,1,false,false,false,false,ture
152,2023-10-07 13:03:20.040000,唐揚げ,1,false,false,false,false,false
153,2023-10-07 13:03:20.040000,揚げたこ焼き,1,false,ture,false,false,false
154,2023-10-07 13:04:10.682000,麦茶,1,false,false,false,false,false
155,2023-10-07 13:04:10.682000,緑茶,1,false,false,false,false,false
156,2023-10-07 13:04:10.682000,ポテト,1,false,false,false,ture,false
157,2023-10-07 13:05:46.908000,揚げたこ焼き,1,false,ture,false,false,false
158,2023-10-07 13:05:14.203000,揚げたこ焼き,1,false,ture,false,false,false
159,2023-10-07 13:05:14.203000,唐揚げ,1,false,ture,false,false,false
160,2023-10-07 13:06:00.398000,唐揚げ,1,false,false,false,false,false
161,2023-10-07 13:06:23.491000,揚げたこ焼き,1,false,ture,false,false,false
162,2023-10-07 13:06:23.491000,ファンタグレープ,1,false,false,false,false,false
163,2023-10-07 13:06:43.550000,揚げたこ焼き,1,false,ture,false,false,false
164,2023-10-07 13:06:43.550000,ポテト,1,false,false,false,false,ture
165,2023-10-07 13:07:23.960000,揚げたこ焼き,1,false,ture,false,false,false
166,2023-10-07 13:07:23.960000,ポテト,1,false,false,false,false,ture
167,2023-10-07 13:09:42.670000,揚げたこ焼き,1,false,ture,false,false,false
168,2023-10-07 13:11:22.758000,揚げたこ焼き,1,false,ture,false,false,false
169,2023-10-07 13:11:22.758000,ポテト,2,false,false,false,false,ture
170,2023-10-07 13:10:32.226000,ポテト,1,false,false,false,false,ture
171,2023-10-07 13:12:11.078000,唐揚げ,1,false,ture,false,false,false
172,2023-10-07 13:12:40.515000,揚げたこ焼き,1,ture,false,false,false,false
173,2023-10-07 13:13:30.681000,揚げたこ焼き,1,false,ture,false,false,false
174,2023-10-07 13:13:49.070000,ポテト,1,false,false,false,false,ture
175,2023-10-07 13:14:27.959000,ポテト,1,false,false,false,ture,false
176,2023-10-07 13:14:27.959000,ソーダ,1,false,false,false,false,false
177,2023-10-07 13:14:40.152000,麦茶,1,false,false,false,false,false
178,2023-10-07 13:14:55.600000,麦茶,1,false,false,false,false,false
179,2023-10-07 13:15:54.704000,揚げたこ焼き,1,false,ture,false,false,false
180,2023-10-07 13:16:33.498000,唐揚げ,1,false,ture,false,false,false
181,2023-10-07 13:17:20.675000,唐揚げ,1,false,false,false,false,false
182,2023-10-07 13:18:09.606000,唐揚げ,1,false,ture,false,false,false
183,2023-10-07 13:19:23.355000,唐揚げ,1,false,false,false,false,false
184,2023-10-07 13:20:40.487000,ソーダ,1,false,false,false,false,false
185,2023-10-07 13:22:54.282000,揚げたこ焼き,1,false,false,ture,false,false
186,2023-10-07 13:23:24.511000,唐揚げ,1,ture,false,false,false,false
187,2023-10-07 13:30:09.980000,唐揚げ,1,false,ture,false,false,false
188,2023-10-07 13:31:23.994000,ソーダ,1,false,false,false,false,false
189,2023-10-07 13:31:23.994000,揚げたこ焼き,1,false,ture,false,false,false
190,2023-10-07 13:31:59.622000,ソーダ,1,false,false,false,false,false
191,2023-10-07 13:31:59.622000,ファンタグレープ,1,false,false,false,false,false
192,2023-10-07 13:31:59.622000,ファンタオレンジ,1,false,false,false,false,false
193,2023-10-07 13:32:17.183000,ソーダ,1,false,false,false,false,false
194,2023-10-07 13:32:59.933000,唐揚げ,1,false,ture,false,false,false
195,2023-10-07 13:33:16.198000,ソーダ,1,false,false,false,false,false
196,2023-10-07 13:33:16.198000,麦茶,1,false,false,false,false,false
197,2023-10-07 13:33:48.312000,緑茶,1,false,false,false,false,false
198,2023-10-07 13:34:51.083000,揚げたこ焼き,1,false,false,ture,false,false
199,2023-10-07 13:37:33.932000,ポテト,1,false,false,false,false,ture
200,2023-10-07 13:42:45.145000,唐揚げ,1,false,false,false,false,false
201,2023-10-07 13:42:45.145000,揚げたこ焼き,1,false,ture,false,false,false
202,2023-10-07 13:43:22.263000,揚げたこ焼き,1,false,ture,false,false,false
203,2023-10-07 13:43:22.263000,ポテト,1,false,ture,false,false,false
204,2023-10-07 13:44:27.233000,揚げたこ焼き,1,ture,false,false,false,false
205,2023-10-07 13:44:27.233000,唐揚げ,1,false,ture,false,false,false
206,2023-10-07 13:45:49.792000,唐揚げ,1,false,false,false,false,false
207,2023-10-07 13:46:19.330000,ポテト,1,false,false,false,ture,false
208,2023-10-07 13:46:19.330000,揚げたこ焼き,1,ture,false,false,false,false
209,2023-10-07 13:46:51.351000,ポテト,1,false,false,false,false,ture
210,2023-10-07 13:47:09.942000,唐揚げ,1,false,false,false,false,false
211,2023-10-07 13:47:40.491000,ポテト,1,ture,false,false,false,false
212,2023-10-07 13:47:40.491000,ソーダ,1,false,false,false,false,false
213,2023-10-07 13:48:18.123000,ポテト,1,false,false,false,ture,false
214,2023-10-07 13:48:18.123000,ソーダ,1,false,false,false,false,false
215,2023-10-07 13:48:18.123000,揚げたこ焼き,1,false,false,false,false,false
216,2023-10-07 13:49:22.733000,唐揚げ,2,false,false,false,false,false
217,2023-10-07 13:49:22.733000,揚げたこ焼き,1,false,ture,false,false,false
218,2023-10-07 13:49:44.390000,ソーダ,3,false,false,false,false,false
219,2023-10-07 13:51:37.658000,麦茶,1,false,false,false,false,false
220,2023-10-07 13:53:52.879000,揚げたこ焼き,1,false,ture,false,false,false
221,2023-10-07 13:54:22.299000,唐揚げ,1,false,false,false,false,false
222,2023-10-07 13:54:44.149000,唐揚げ,1,false,false,false,false,false
223,2023-10-07 13:55:32.532000,揚げたこ焼き,1,false,ture,false,false,false
224,2023-10-07 13:55:32.532000,ソーダ,1,false,false,false,false,false
225,2023-10-07 13:55:57.111000,唐揚げ,1,false,false,false,false,false
226,2023-10-07 13:56:10.279000,ポテト,1,false,false,false,false,ture
227,2023-10-07 13:56:24.830000,ポテト,1,false,false,false,ture,false
228,2023-10-07 13:56:59.726000,揚げたこ焼き,1,false,ture,false,false,false
229,2023-10-07 13:56:59.726000,唐揚げ,1,false,false,false,false,false
230,2023-10-07 13:57:19.354000,唐揚げ,1,false,false,false,false,false
231,2023-10-07 13:57:39.959000,ソーダ,2,false,false,false,false,false
232,2023-10-07 13:57:39.959000,揚げたこ焼き,1,false,false,ture,false,false
233,2023-10-07 13:57:39.959000,唐揚げ,1,false,false,false,false,false
234,2023-10-07 13:58:02.359000,唐揚げ,1,false,false,false,ture,false
235,2023-10-07 13:58:43.719000,唐揚げ,1,false,false,false,ture,false
236,2023-10-07 14:00:13.367000,揚げたこ焼き,1,ture,false,false,false,false
237,2023-10-07 14:00:13.367000,唐揚げ,1,false,ture,false,false,false
238,2023-10-07 14:03:01.477000,唐揚げ,1,ture,false,false,false,false
239,2023-10-07 14:03:44.058000,ポテト,1,false,ture,false,false,false
240,2023-10-07 14:03:57.667000,ポテト,1,false,false,false,ture,false
241,2023-10-07 14:04:12.319000,ソーダ,1,false,false,false,false,false
242,2023-10-07 14:06:08.594000,ソーダ,1,false,false,false,false,false
243,2023-10-07 14:06:49.172000,コーラ,1,false,false,false,false,false
244,2023-10-07 14:07:20.762000,唐揚げ,1,ture,false,false,false,false
245,2023-10-07 14:07:52.102000,唐揚げ,1,false,ture,false,false,false
246,2023-10-07 14:09:03.109000,ソーダ,2,false,false,false,false,false
247,2023-10-07 14:09:23.526000,唐揚げ,2,false,false,false,false,false
248,2023-10-07 14:12:15.818000,唐揚げ,1,false,false,false,ture,false
249,2023-10-07 14:12:15.818000,唐揚げ,1,false,ture,false,false,false
250,2023-10-07 14:13:15.739000,ファンタグレープ,1,false,false,false,false,false
251,2023-10-07 14:14:18.660000,揚げたこ焼き,1,ture,false,false,false,false
252,2023-10-07 14:15:02.305000,唐揚げ,1,ture,false,false,false,false
253,2023-10-07 14:16:09.308000,唐揚げ,1,false,false,false,ture,false
254,2023-10-07 14:16:22.978000,唐揚げ,1,false,false,false,ture,false
255,2023-10-07 14:18:01.895000,揚げたこ焼き,1,ture,false,false,false,false
256,2023-10-07 14:16:55.855000,ポテト,1,false,false,false,false,ture
257,2023-10-07 14:18:12.478000,ファンタグレープ,1,false,false,false,false,false
258,2023-10-07 14:18:23.788000,コーラ,1,false,false,false,false,false
259,2023-10-07 14:20:38.187000,揚げたこ焼き,1,false,false,ture,false,false
260,2023-10-07 14:20:57.605000,揚げたこ焼き,1,false,ture,false,false,false
261,2023-10-07 14:21:36.070000,ポテト,1,false,false,false,false,ture
262,2023-10-07 14:21:36.070000,唐揚げ,1,ture,false,false,false,false
263,2023-10-07 14:23:25.608000,唐揚げ,1,false,false,false,false,false
264,2023-10-07 14:23:56.151000,ポテト,1,false,false,false,false,ture
265,2023-10-07 14:24:40.092000,唐揚げ,1,false,false,false,false,false
266,2023-10-07 14:26:21.591000,唐揚げ,1,false,ture,false,false,false
267,2023-10-07 14:26:21.591000,ポテト,1,false,ture,false,false,false
268,2023-10-07 14:27:04.051000,唐揚げ,1,false,false,false,false,false
269,2023-10-07 14:28:25.881000,唐揚げ,1,false,false,false,false,false
270,2023-10-07 14:28:38.070000,唐揚げ,1,false,ture,false,false,false
271,2023-10-07 14:27:59.489000,唐揚げ,1,false,ture,false,false,false
272,2023-10-07 14:27:59.489000,揚げたこ焼き,1,false,ture,false,false,false
273,2023-10-07 14:29:47.940000,揚げたこ焼き,1,ture,false,false,false,false
274,2023-10-07 14:31:05.090000,唐揚げ,2,false,ture,false,false,false
275,2023-10-07 14:31:05.090000,揚げたこ焼き,1,false,false,ture,false,false
276,2023-10-07 14:31:05.090000,ポテト,1,false,false,false,false,ture
277,2023-10-07 14:33:39.039000,ポテト,1,false,ture,false,false,false
278,2023-10-07 14:34:09.661000,ポテト,1,false,false,false,ture,false
279,2023-10-07 14:34:23.158000,コーラ,1,false,false,false,false,false
280,2023-10-07 14:33:52.919000,唐揚げ,1,false,false,false,false,false
281,2023-10-07 14:33:52.919000,揚げたこ焼き,1,false,false,ture,false,false
282,2023-10-07 14:35:10.929000,唐揚げ,1,ture,false,false,false,false
283,2023-10-07 14:36:35.318000,唐揚げ,1,false,false,false,false,false
284,2023-10-07 14:37:33.961000,ポテト,1,false,ture,false,false,false
285,2023-10-07 14:40:22.586000,緑茶,1,false,false,false,false,false
286,2023-10-07 14:41:17.959000,揚げたこ焼き,1,ture,false,false,false,false
287,2023-10-07 14:48:01.896000,ファンタグレープ,1,false,false,false,false,false
288,2023-10-07 14:49:52.751000,揚げたこ焼き,1,false,ture,false,false,false
289,2023-10-07 14:50:23.452000,ポテト,1,false,ture,false,false,false
290,2023-10-07 14:52:17.761000,唐揚げ,1,false,ture,false,false,false
291,2023-10-07 14:55:38.440000,揚げたこ焼き,1,false,false,ture,false,false
292,2023-10-07 15:00:02.114000,ファンタグレープ,1,false,false,false,false,false
293,2023-10-07 15:00:49.401000,ポテト,1,false,false,false,false,ture
294,2023-10-07 15:01:28.666000,揚げたこ焼き,1,false,ture,false,false,false
295,2023-10-07 15:04:51.187000,ポテト,1,false,false,false,false,ture
296,2023-10-07 15:05:40.548000,唐揚げ,1,false,false,false,false,false
297,2023-10-07 15:07:18.703000,唐揚げ,1,false,false,false,false,false
298,2023-10-07 15:07:18.703000,ポテト,1,false,false,false,false,ture
299,2023-10-07 15:07:39.331000,ポテト,1,false,false,false,false,ture
300,2023-10-07 15:07:39.331000,揚げたこ焼き,1,false,ture,false,false,false
301,2023-10-07 15:15:14.026000,麦茶,1,false,false,false,false,false
302,2023-10-07 15:18:58.238000,揚げたこ焼き,1,false,ture,false,false,false
303,2023-10-07 15:18:58.238000,緑茶,1,false,false,false,false,false
304,2023-10-07 15:19:23.155000,唐揚げ,1,ture,false,false,false,false
305,2023-10-07 15:21:00.119000,唐揚げ,1,false,ture,false,false,false
306,2023-10-07 15:21:00.119000,ソーダ,1,false,false,false,false,false
307,2023-10-07 15:21:26.337000,唐揚げ,1,false,ture,false,false,false
308,2023-10-07 15:22:59.894000,ポテト,1,false,false,false,false,ture
309,2023-10-07 15:22:59.894000,緑茶,1,false,false,false,false,false
310,2023-10-07 15:24:53.583000,唐揚げ,1,false,ture,false,false,false
311,2023-10-07 15:24:53.583000,揚げたこ焼き,1,false,false,ture,false,false
312,2023-10-07 15:25:39.413000,唐揚げ,1,false,ture,false,false,false
313,2023-10-07 15:26:44.259000,揚げたこ焼き,1,false,ture,false,false,false
314,2023-10-07 15:28:37.839000,揚げたこ焼き,2,false,ture,false,false,false
315,2023-10-07 15:29:10.010000,唐揚げ,1,false,false,false,false,false
316,2023-10-07 15:31:51.184000,ポテト,1,false,false,false,false,ture
317,2023-10-07 15:37:02.458000,唐揚げ,1,false,false,false,false,false
318,2023-10-07 15:36:41.398000,ポテト,1,false,false,false,false,ture
319,2023-10-07 15:43:15.589000,唐揚げ,1,false,false,false,false,false
320,2023-10-07 15:49:28.525000,唐揚げ,1,false,false,false,false,false
321,2023-10-07 15:49:56.617000,ポテト,1,false,false,false,false,ture
322,2023-10-07 15:50:47.465000,唐揚げ,1,false,false,false,ture,false
323,2023-10-07 16:00:54.514000,ポテト,1,false,ture,false,false,false
324,2023-10-07 16:02:29.882000,唐揚げ,1,ture,false,false,false,false
325,2023-10-07 16:04:57.323000,唐揚げ,1,false,ture,false,false,false
326,2023-10-07 16:07:26.762000,唐揚げ,1,false,false,false,false,false
327,2023-10-07 16:09:37.329000,唐揚げ,1,false,ture,false,false,false
328,2023-10-07 16:09:37.329000,ポテト,1,false,false,false,false,ture
329,2023-10-07 16:10:55.109000,唐揚げ,1,false,false,false,false,false
330,2023-10-07 16:13:06.187000,ポテト,1,false,false,false,ture,false
331,2023-10-07 16:13:06.187000,緑茶,1,false,false,false,false,false
332,2023-10-07 16:13:31.323000,ポテト,1,false,false,false,false,ture
333,2023-10-07 16:15:23.642000,ポテト,1,false,false,false,false,ture
334,2023-10-07 16:15:23.642000,ポテト,1,false,false,false,false,ture
335,2023-10-07 16:19:09.728000,揚げたこ焼き,1,false,ture,false,false,false
336,2023-10-07 16:19:30.728000,唐揚げ,1,ture,false,false,false,false
337,2023-10-07 16:21:22.983000,ファンタグレープ,1,false,false,false,false,false
338,2023-10-07 16:22:39.233000,揚げたこ焼き,1,false,ture,false,false,false
339,2023-10-07 16:21:57.855000,唐揚げ,1,false,false,false,false,false
340,2023-10-07 16:21:57.855000,ポテト,1,false,false,false,false,ture
341,2023-10-07 16:22:59.213000,唐揚げ,1,false,ture,false,false,false
342,2023-10-07 16:24:05.096000,緑茶,1,false,false,false,false,false
343,2023-10-07 16:24:05.096000,コーラ,1,false,false,false,false,false
344,2023-10-07 16:23:41.209000,麦茶,1,false,false,false,false,false
345,2023-10-07 16:24:17.682000,唐揚げ,1,false,false,false,ture,false
346,2023-10-07 16:25:27.923000,唐揚げ,1,false,ture,false,false,false
347,2023-10-07 16:27:12.773000,唐揚げ,1,false,false,false,false,false
348,2023-10-07 16:28:07.017000,ソーダ,1,false,false,false,false,false
349,2023-10-07 16:29:39.893000,揚げたこ焼き,1,false,false,ture,false,false
350,2023-10-07 16:30:26.932000,唐揚げ,1,false,false,false,false,false
351,2023-10-07 16:31:17.094000,ポテト,1,false,false,false,false,ture
352,2023-10-07 16:31:51.273000,ポテト,2,false,false,false,false,ture
353,2023-10-07 16:37:38.092000,水,1,false,false,false,false,false
354,2023-10-07 16:38:24.214000,ポテト,1,false,false,false,ture,false
355,2023-10-07 16:38:24.214000,ソーダ,1,false,false,false,false,false
356,2023-10-07 16:40:12.754000,ポテト,1,false,false,false,ture,false
357,2023-10-07 16:40:12.754000,唐揚げ,1,false,ture,false,false,false
358,2023-10-07 16:45:24.644000,唐揚げ,1,false,false,false,false,false
359,2023-10-07 16:46:25.115000,唐揚げ,1,false,false,false,false,false
360,2023-10-07 16:46:25.115000,唐揚げ,1,false,false,false,false,false
361,2023-10-07 16:47:43.555000,ポテト,1,false,false,false,false,ture
362,2023-10-07 16:47:43.555000,麦茶,1,false,false,false,false,false
363,2023-10-07 16:47:43.555000,緑茶,1,false,false,false,false,false
364,2023-10-07 16:48:24.504000,唐揚げ,1,false,false,false,false,false
365,2023-10-07 16:49:46.662000,唐揚げ,1,false,false,false,ture,false
366,2023-10-07 16:50:20.354000,唐揚げ,1,false,false,false,false,false
367,2023-10-07 16:51:56.173000,ポテト,1,false,false,false,false,ture
368,2023-10-07 16:52:30.121000,唐揚げ,1,false,false,false,false,false
369,2023-10-07 16:52:50.386000,唐揚げ,1,false,ture,false,false,false
370,2023-10-07 16:56:22.519000,ポテト,1,false,false,false,false,ture
371,2023-10-07 16:58:46.127000,唐揚げ,1,false,false,false,ture,false
372,2023-10-07 17:01:18.710000,ポテト,1,false,false,false,false,ture
373,2023-10-07 17:02:22.401000,ファンタグレープ,1,false,false,false,false,false
374,2023-10-07 17:03:25.790000,ポテト,1,false,false,false,false,ture
375,2023-10-07 17:07:36.319000,唐揚げ,1,false,false,false,false,false
376,2023-10-07 17:10:47.541000,唐揚げ,1,ture,false,false,false,false
377,2023-10-07 17:10:47.541000,唐揚げ,1,false,ture,false,false,false
378,2023-10-07 17:10:30.290000,唐揚げ,1,false,false,false,false,false
379,2023-10-07 17:10:30.290000,ポテト,1,false,false,false,false,ture
380,2023-10-07 17:11:36.256000,揚げたこ焼き,1,false,ture,false,false,false
381,2023-10-07 17:13:04.560000,唐揚げ,1,ture,false,false,false,false
382,2023-10-07 17:12:27.354000,唐揚げ,1,false,false,false,false,false
383,2023-10-07 17:13:25.966000,揚げたこ焼き,1,false,ture,false,false,false
384,2023-10-07 17:13:25.966000,緑茶,1,false,false,false,false,false
385,2023-10-07 17:13:51.056000,唐揚げ,1,false,false,false,false,false
386,2023-10-07 17:13:51.056000,揚げたこ焼き,1,false,false,ture,false,false
387,2023-10-07 17:14:13.105000,揚げたこ焼き,1,false,ture,false,false,false
388,2023-10-07 17:15:42.096000,揚げたこ焼き,2,false,ture,false,false,false
389,2023-10-07 17:15:42.096000,ポテト,1,false,false,false,false,ture
390,2023-10-07 17:15:42.096000,ポテト,1,false,false,false,ture,false
391,2023-10-07 17:16:14.008000,ソーダ,1,false,false,false,false,false
392,2023-10-07 17:16:14.008000,唐揚げ,1,false,false,false,false,false
393,2023-10-07 17:15:59.257000,水,1,false,false,false,false,false
394,2023-10-07 17:15:09.556000,揚げたこ焼き,1,false,ture,false,false,false
395,2023-10-07 17:16:33.436000,唐揚げ,1,false,ture,false,false,false
396,2023-10-07 17:16:54.507000,揚げたこ焼き,1,false,ture,false,false,false
397,2023-10-07 17:16:54.507000,水,1,false,false,false,false,false
398,2023-10-07 17:17:11.276000,唐揚げ,2,false,false,false,false,false
399,2023-10-07 17:19:42.821000,唐揚げ,1,false,false,false,ture,false
400,2023-10-07 17:23:49.088000,唐揚げ,1,false,ture,false,false,false
401,2023-10-07 17:24:38.566000,ポテト,1,false,false,false,ture,false
402,2023-10-07 17:25:37.870000,揚げたこ焼き,1,false,ture,false,false,false
403,2023-10-07 17:27:51.448000,揚げたこ焼き,1,false,ture,false,false,false
404,2023-10-07 17:27:51.448000,ポテト,1,false,false,false,ture,false
405,2023-10-07 17:30:09.815000,ポテト,1,false,false,false,false,ture
406,2023-10-07 17:30:44.522000,唐揚げ,1,false,ture,false,false,false
407,2023-10-07 17:31:43.360000,水,1,false,false,false,false,false
408,2023-10-07 17:31:32.510000,麦茶,1,false,false,false,false,false
409,2023-10-07 17:31:57.020000,唐揚げ,1,false,false,false,ture,false
410,2023-10-07 17:32:20.630000,唐揚げ,1,false,ture,false,false,false
411,2023-10-07 17:34:59.497000,揚げたこ焼き,1,false,ture,false,false,false
412,2023-10-07 17:34:59.497000,唐揚げ,1,false,ture,false,false,false
413,2023-10-07 17:48:11.688000,ポテト,1,false,false,false,false,ture
414,2023-10-07 17:49:12.049000,緑茶,3,false,false,false,false,false
415,2023-10-07 17:49:46.533000,ポテト,1,false,false,false,ture,false
416,2023-10-07 17:51:34.040000,ポテト,1,false,false,false,ture,false
417,2023-10-07 17:51:34.040000,ファンタグレープ,1,false,false,false,false,false
418,2023-10-07 17:52:05.009000,緑茶,1,false,false,false,false,false
419,2023-10-07 17:58:11.407000,揚げたこ焼き,1,false,ture,false,false,false
420,2023-10-07 18:00:00.312000,唐揚げ,1,false,ture,false,false,false
421,2023-10-07 18:02:14.031000,唐揚げ,1,false,ture,false,false,false
422,2023-10-07 18:10:43.519000,揚げたこ焼き,2,false,ture,false,false,false
423,2023-10-07 18:22:34.746000,ソーダ,1,false,false,false,false,false
424,2023-10-07 18:31:42.906000,ポテト,1,false,false,false,ture,false
425,2023-10-07 18:31:42.906000,揚げたこ焼き,1,false,false,ture,false,false
426,2023-10-07 18:32:29.205000,唐揚げ,1,false,ture,false,false,false
427,2023-10-07 18:37:48.615000,揚げたこ焼き,1,false,ture,false,false,false
428,2023-10-07 18:38:27.058000,ポテト,1,ture,false,false,false,false
429,2023-10-07 18:43:22.029000,唐揚げ,1,false,false,false,ture,false
430,2023-10-07 19:20:49.194000,ソーダ,1,false,false,false,false,false
431,2023-10-07 19:20:49.194000,ファンタグレープ,1,false,false,false,false,false
432,2023-10-07 19:30:17.686000,ソーダ,1,false,false,false,false,false
433,2023-10-08 09:24:37.134000,ソーダ,1,false,false,false,false,false
434,2023-10-08 09:27:31.475000,ソーダ,1,false,false,false,false,false
435,2023-10-08 10:06:00.873000,唐揚げ,1,false,false,false,false,false
436,2023-10-08 10:26:38.697000,ポテト,1,false,false,false,ture,false
437,2023-10-08 10:29:53.396000,ポテト,3,false,false,false,false,ture
438,2023-10-08 10:34:51.507000,ソーダ,1,false,false,false,false,false
439,2023-10-08 10:36:03.947000,唐揚げ,2,false,false,false,false,false
440,2023-10-08 10:37:13.886000,ソーダ,1,false,false,false,false,false
441,2023-10-08 10:37:50.257000,揚げたこ焼き,1,false,ture,false,false,false
442,2023-10-08 10:39:36.416000,揚げたこ焼き,1,false,ture,false,false,false
443,2023-10-08 10:39:36.416000,ポテト,1,false,false,false,false,ture
444,2023-10-08 10:41:43.180000,ポテト,1,false,false,false,false,ture
445,2023-10-08 10:42:40.266000,揚げたこ焼き,1,false,ture,false,false,false
446,2023-10-08 10:42:40.266000,唐揚げ,1,false,false,false,false,false
447,2023-10-08 10:45:39.688000,揚げたこ焼き,1,false,ture,false,false,false
448,2023-10-08 10:46:52.126000,ソーダ,1,false,false,false,false,false
449,2023-10-08 10:47:08.218000,ソーダ,1,false,false,false,false,false
450,2023-10-08 10:47:26.746000,ソーダ,1,false,false,false,false,false
451,2023-10-08 10:48:35.978000,ソーダ,1,false,false,false,false,false
452,2023-10-08 10:48:52.608000,ソーダ,1,false,false,false,false,false
453,2023-10-08 10:52:30.528000,揚げたこ焼き,1,false,false,ture,false,false
454,2023-10-08 10:52:30.528000,ポテト,1,false,false,false,ture,false
455,2023-10-08 10:52:30.528000,ソーダ,1,false,false,false,false,false
456,2023-10-08 10:54:11.839000,ソーダ,1,false,false,false,false,false
457,2023-10-08 10:54:31.508000,ソーダ,1,false,false,false,false,false
458,2023-10-08 10:55:00.064000,麦茶,2,false,false,false,false,false
459,2023-10-08 10:56:39.938000,揚げたこ焼き,1,false,ture,false,false,false
460,2023-10-08 10:57:05.846000,ポテト,1,ture,false,false,false,false
461,2023-10-08 10:57:19.206000,ソーダ,1,false,false,false,false,false
462,2023-10-08 10:57:35.538000,ソーダ,1,false,false,false,false,false
463,2023-10-08 10:59:55.058000,ソーダ,1,false,false,false,false,false
464,2023-10-08 11:06:22.458000,ソーダ,1,false,false,false,false,false
465,2023-10-08 11:07:24.496000,揚げたこ焼き,1,false,ture,false,false,false
466,2023-10-08 11:07:51.366000,唐揚げ,1,false,ture,false,false,false
467,2023-10-08 11:08:14.926000,唐揚げ,1,false,false,false,ture,false
468,2023-10-08 11:13:05.017000,揚げたこ焼き,1,false,ture,false,false,false
469,2023-10-08 11:13:05.017000,唐揚げ,1,false,ture,false,false,false
470,2023-10-08 11:13:05.017000,ポテト,1,false,false,false,ture,false
471,2023-10-08 11:14:25.807000,揚げたこ焼き,1,false,ture,false,false,false
472,2023-10-08 11:14:49.357000,揚げたこ焼き,1,false,ture,false,false,false
473,2023-10-08 11:16:15.687000,唐揚げ,1,false,ture,false,false,false
474,2023-10-08 11:17:33.877000,揚げたこ焼き,1,false,ture,false,false,false
475,2023-10-08 11:18:25.077000,揚げたこ焼き,1,ture,false,false,false,false
476,2023-10-08 11:18:49.075000,ソーダ,1,false,false,false,false,false
477,2023-10-08 11:19:55.659000,揚げたこ焼き,1,false,ture,false,false,false
478,2023-10-08 11:20:28.753000,ソーダ,2,false,false,false,false,false
479,2023-10-08 11:21:31.453000,揚げたこ焼き,1,false,ture,false,false,false
480,2023-10-08 11:22:02.148000,唐揚げ,1,ture,false,false,false,false
481,2023-10-08 11:22:02.148000,ソーダ,1,false,false,false,false,false
482,2023-10-08 11:22:29.173000,揚げたこ焼き,1,false,ture,false,false,false
483,2023-10-08 11:23:35.240000,ソーダ,1,false,false,false,false,false
484,2023-10-08 11:23:35.240000,ポテト,1,false,false,false,false,ture
485,2023-10-08 11:23:04.473000,ポテト,1,false,false,false,ture,false
486,2023-10-08 11:23:46.982000,ポテト,1,false,ture,false,false,false
487,2023-10-08 11:26:16.072000,揚げたこ焼き,1,ture,false,false,false,false
488,2023-10-08 11:26:46.890000,ポテト,1,ture,false,false,false,false
489,2023-10-08 11:27:25.532000,揚げたこ焼き,1,false,ture,false,false,false
490,2023-10-08 11:27:25.532000,水,1,false,false,false,false,false
491,2023-10-08 11:28:54.912000,揚げたこ焼き,1,false,ture,false,false,false
492,2023-10-08 11:29:18.272000,ポテト,1,false,false,false,false,ture
493,2023-10-08 11:30:45.834000,揚げたこ焼き,1,false,ture,false,false,false
494,2023-10-08 11:31:43.342000,唐揚げ,1,false,false,false,false,false
495,2023-10-08 11:31:43.342000,ソーダ,1,false,false,false,false,false
496,2023-10-08 11:32:21.164000,揚げたこ焼き,1,false,false,ture,false,false
497,2023-10-08 11:33:17.242000,揚げたこ焼き,1,false,ture,false,false,false
498,2023-10-08 11:33:17.242000,ソーダ,1,false,false,false,false,false
499,2023-10-08 11:34:09.183000,揚げたこ焼き,1,false,false,ture,false,false
500,2023-10-08 11:34:56.390000,ポテト,1,false,false,false,ture,false
501,2023-10-08 11:35:55.262000,麦茶,1,false,false,false,false,false
502,2023-10-08 11:35:55.262000,緑茶,1,false,false,false,false,false
503,2023-10-08 11:35:55.262000,ポテト,1,false,false,false,false,false
504,2023-10-08 11:37:07.132000,揚げたこ焼き,1,ture,false,false,false,false
505,2023-10-08 11:37:07.132000,ソーダ,1,false,false,false,false,false
506,2023-10-08 11:36:33.092000,ファンタオレンジ,1,false,false,false,false,false
507,2023-10-08 11:37:27.910000,揚げたこ焼き,1,false,ture,false,false,false
508,2023-10-08 11:37:46.811000,唐揚げ,1,false,false,false,false,false
509,2023-10-08 11:38:03.590000,揚げたこ焼き,1,false,ture,false,false,false
510,2023-10-08 11:39:16.140000,唐揚げ,1,false,ture,false,false,false
511,2023-10-08 11:40:06.362000,唐揚げ,1,false,false,false,false,false
512,2023-10-08 11:40:30.542000,揚げたこ焼き,1,false,ture,false,false,false
513,2023-10-08 11:41:00.602000,唐揚げ,1,false,ture,false,false,false
514,2023-10-08 11:41:00.602000,ポテト,1,false,false,false,ture,false
515,2023-10-08 11:41:27.956000,ソーダ,1,false,false,false,false,false
516,2023-10-08 11:41:56.190000,揚げたこ焼き,1,false,ture,false,false,false
517,2023-10-08 11:45:05.184000,ソーダ,1,false,false,false,false,false
518,2023-10-08 11:46:49.483000,揚げたこ焼き,1,false,false,false,false,false
519,2023-10-08 11:46:49.483000,ポテト,1,false,false,false,false,ture
520,2023-10-08 11:46:49.483000,揚げたこ焼き,1,false,ture,false,false,false
521,2023-10-08 11:46:49.483000,唐揚げ,1,false,false,false,false,false
522,2023-10-08 11:46:10.872000,唐揚げ,2,false,false,false,false,false
523,2023-10-08 11:47:21.993000,ポテト,1,false,false,false,ture,false
524,2023-10-08 11:47:21.993000,揚げたこ焼き,2,false,ture,false,false,false
525,2023-10-08 11:47:58.633000,揚げたこ焼き,2,false,ture,false,false,false
526,2023-10-08 11:48:36.161000,唐揚げ,1,false,false,false,false,false
527,2023-10-08 11:48:50.813000,ソーダ,1,false,false,false,false,false
528,2023-10-08 11:49:21.443000,唐揚げ,1,ture,false,false,false,false
529,2023-10-08 11:49:46.523000,唐揚げ,1,false,ture,false,false,false
530,2023-10-08 11:50:28.910000,揚げたこ焼き,1,false,ture,false,false,false
531,2023-10-08 11:51:20.563000,揚げたこ焼き,1,false,ture,false,false,false
532,2023-10-08 11:52:42.603000,唐揚げ,1,false,ture,false,false,false
533,2023-10-08 11:52:42.603000,ソーダ,2,false,false,false,false,false
534,2023-10-08 11:52:08.498000,ソーダ,1,false,false,false,false,false
535,2023-10-08 11:52:20.913000,唐揚げ,1,false,false,false,ture,false
536,2023-10-08 11:53:20.923000,ポテト,1,false,false,false,false,false
537,2023-10-08 11:53:43.383000,ソーダ,2,false,false,false,false,false
538,2023-10-08 11:55:18.093000,ポテト,1,false,ture,false,false,false
539,2023-10-08 11:56:08.564000,唐揚げ,1,false,ture,false,false,false
540,2023-10-08 11:56:08.564000,ポテト,1,false,false,false,ture,false
541,2023-10-08 11:57:00.483000,揚げたこ焼き,1,false,ture,false,false,false
542,2023-10-08 11:57:00.483000,麦茶,1,false,false,false,false,false
543,2023-10-08 11:57:40.444000,唐揚げ,1,ture,false,false,false,false
544,2023-10-08 11:58:14.444000,唐揚げ,1,false,ture,false,false,false
545,2023-10-08 11:59:51.644000,ポテト,1,false,false,false,false,ture
546,2023-10-08 12:00:03.880000,ソーダ,1,false,false,false,false,false
547,2023-10-08 12:01:59.839000,ポテト,1,false,false,false,ture,false
548,2023-10-08 12:03:53.692000,唐揚げ,1,false,false,false,false,false
549,2023-10-08 12:04:14.250000,揚げたこ焼き,1,false,ture,false,false,false
550,2023-10-08 12:04:37.450000,揚げたこ焼き,1,ture,false,false,false,false
551,2023-10-08 12:05:56.628000,唐揚げ,1,false,ture,false,false,false
552,2023-10-08 12:06:32.308000,揚げたこ焼き,1,ture,false,false,false,false
553,2023-10-08 12:07:17.773000,ポテト,1,ture,false,false,false,false
554,2023-10-08 12:07:17.773000,唐揚げ,1,false,false,false,false,false
555,2023-10-08 12:08:07.585000,唐揚げ,1,false,ture,false,false,false
556,2023-10-08 12:08:07.585000,揚げたこ焼き,1,false,ture,false,false,false
557,2023-10-08 12:08:07.585000,ソーダ,1,false,false,false,false,false
558,2023-10-08 12:08:07.585000,緑茶,1,false,false,false,false,false
559,2023-10-08 12:09:14.036000,唐揚げ,1,false,false,false,false,false
560,2023-10-08 12:08:49.607000,ポテト,1,false,false,false,false,ture
561,2023-10-08 12:09:50.992000,唐揚げ,1,false,ture,false,false,false
562,2023-10-08 12:10:30.853000,揚げたこ焼き,2,false,ture,false,false,false
563,2023-10-08 12:10:51.584000,唐揚げ,1,false,ture,false,false,false
564,2023-10-08 12:11:21.912000,唐揚げ,1,ture,false,false,false,false
565,2023-10-08 12:11:21.912000,ポテト,1,false,false,false,false,ture
566,2023-10-08 12:11:21.912000,揚げたこ焼き,1,false,ture,false,false,false
567,2023-10-08 12:12:02.322000,ソーダ,5,false,false,false,false,false
568,2023-10-08 12:13:25.722000,ソーダ,1,false,false,false,false,false
569,2023-10-08 12:13:25.722000,唐揚げ,1,false,false,false,false,false
570,2023-10-08 12:14:21.442000,揚げたこ焼き,1,false,ture,false,false,false
571,2023-10-08 12:14:45.742000,唐揚げ,1,false,false,false,false,false
572,2023-10-08 12:14:45.742000,緑茶,1,false,false,false,false,false
573,2023-10-08 12:15:23.787000,ポテト,2,false,false,false,false,ture
574,2023-10-08 12:15:49.472000,揚げたこ焼き,1,false,ture,false,false,false
575,2023-10-08 12:16:31.194000,ソーダ,1,false,false,false,false,false
576,2023-10-08 12:16:31.194000,ポテト,1,ture,false,false,false,false
577,2023-10-08 12:17:06.574000,揚げたこ焼き,1,false,ture,false,false,false
578,2023-10-08 12:17:06.574000,緑茶,1,false,false,false,false,false
579,2023-10-08 12:17:39.179000,唐揚げ,1,false,false,false,false,false
580,2023-10-08 12:18:59.799000,ポテト,2,false,false,false,false,ture
581,2023-10-08 12:18:59.799000,唐揚げ,1,false,false,false,false,false
582,2023-10-08 12:23:07.452000,唐揚げ,1,false,false,false,false,false
583,2023-10-08 12:23:07.452000,揚げたこ焼き,1,false,false,false,false,false
584,2023-10-08 12:23:07.452000,ソーダ,1,false,false,false,false,false
585,2023-10-08 12:19:24.239000,揚げたこ焼き,1,false,ture,false,false,false
586,2023-10-08 12:19:58.273000,揚げたこ焼き,1,false,ture,false,false,false
587,2023-10-08 12:20:54.846000,唐揚げ,1,false,false,false,false,false
588,2023-10-08 12:20:54.846000,コーラ,1,false,false,false,false,false
589,2023-10-08 12:21:34.143000,唐揚げ,1,false,false,false,ture,false
590,2023-10-08 12:21:34.143000,唐揚げ,1,false,false,false,ture,false
591,2023-10-08 12:21:34.143000,揚げたこ焼き,2,false,false,ture,false,false
592,2023-10-08 12:22:00.125000,唐揚げ,1,false,false,false,ture,false
593,2023-10-08 12:22:48.962000,唐揚げ,1,false,false,false,ture,false
594,2023-10-08 12:22:48.962000,ポテト,1,false,false,false,false,ture
595,2023-10-08 12:24:11.160000,揚げたこ焼き,3,false,ture,false,false,false
596,2023-10-08 12:24:11.160000,ポテト,1,false,ture,false,false,false
597,2023-10-08 12:26:19.600000,揚げたこ焼き,1,false,ture,false,false,false
598,2023-10-08 12:26:19.600000,唐揚げ,1,false,ture,false,false,false
599,2023-10-08 12:24:44.712000,ポテト,1,false,false,false,false,false
600,2023-10-08 12:25:23.682000,唐揚げ,1,false,ture,false,false,false
601,2023-10-08 12:25:40.392000,ポテト,1,false,false,false,ture,false
602,2023-10-08 12:26:54.142000,ソーダ,1,false,false,false,false,false
603,2023-10-08 12:28:05.183000,揚げたこ焼き,1,false,ture,false,false,false
604,2023-10-08 12:28:05.183000,ソーダ,1,false,false,false,false,false
605,2023-10-08 12:28:41.083000,唐揚げ,1,false,ture,false,false,false
606,2023-10-08 12:29:07.383000,唐揚げ,3,false,false,false,false,false
607,2023-10-08 12:30:13.743000,唐揚げ,1,false,false,false,false,false
608,2023-10-08 12:30:38.523000,唐揚げ,1,ture,false,false,false,false
609,2023-10-08 12:31:09.418000,唐揚げ,1,false,false,false,false,false
610,2023-10-08 12:31:45.858000,唐揚げ,1,false,false,false,false,false
611,2023-10-08 12:31:45.858000,ファンタグレープ,1,false,false,false,false,false
612,2023-10-08 12:32:17.861000,揚げたこ焼き,1,false,ture,false,false,false
613,2023-10-08 12:33:00.843000,揚げたこ焼き,1,false,ture,false,false,false
614,2023-10-08 12:33:27.143000,唐揚げ,1,false,false,false,false,false
615,2023-10-08 12:34:08.578000,唐揚げ,1,false,false,false,false,false
616,2023-10-08 12:37:14.523000,唐揚げ,2,false,false,false,false,false
617,2023-10-08 12:34:43.778000,ソーダ,1,false,false,false,false,false
618,2023-10-08 12:35:32.998000,唐揚げ,1,false,ture,false,false,false
619,2023-10-08 12:36:27.683000,唐揚げ,1,false,ture,false,false,false
620,2023-10-08 12:36:27.683000,ソーダ,1,false,false,false,false,false
621,2023-10-08 12:36:51.983000,揚げたこ焼き,1,false,ture,false,false,false
622,2023-10-08 12:37:59.083000,唐揚げ,1,false,false,false,false,false
623,2023-10-08 12:37:59.083000,揚げたこ焼き,1,false,ture,false,false,false
624,2023-10-08 12:37:59.083000,ソーダ,1,false,false,false,false,false
625,2023-10-08 12:38:37.423000,揚げたこ焼き,1,false,ture,false,false,false
626,2023-10-08 12:39:16.358000,唐揚げ,1,false,ture,false,false,false
627,2023-10-08 12:39:44.203000,ソーダ,1,false,false,false,false,false
628,2023-10-08 12:40:20.763000,揚げたこ焼き,1,false,ture,false,false,false
629,2023-10-08 12:40:20.763000,唐揚げ,1,false,false,false,false,false
630,2023-10-08 12:40:20.763000,ソーダ,2,false,false,false,false,false
631,2023-10-08 12:40:55.777000,唐揚げ,1,false,false,false,false,false
632,2023-10-08 12:40:55.777000,揚げたこ焼き,1,false,ture,false,false,false
633,2023-10-08 12:41:35.988000,唐揚げ,1,ture,false,false,false,false
634,2023-10-08 12:42:15.453000,唐揚げ,1,ture,false,false,false,false
635,2023-10-08 12:42:15.453000,唐揚げ,1,false,ture,false,false,false
636,2023-10-08 12:42:15.453000,揚げたこ焼き,2,false,ture,false,false,false
637,2023-10-08 12:42:38.218000,麦茶,1,false,false,false,false,false
638,2023-10-08 12:44:15.918000,ポテト,2,false,false,false,false,ture
639,2023-10-08 12:44:15.918000,唐揚げ,2,false,false,false,false,false
640,2023-10-08 12:45:06.853000,唐揚げ,1,false,ture,false,false,false
641,2023-10-08 12:47:07.998000,揚げたこ焼き,1,false,ture,false,false,false
642,2023-10-08 12:47:07.998000,唐揚げ,1,false,ture,false,false,false
643,2023-10-08 12:46:28.098000,唐揚げ,1,false,false,false,false,false
644,2023-10-08 12:47:58.713000,揚げたこ焼き,1,ture,false,false,false,false
645,2023-10-08 12:49:06.558000,ポテト,1,false,false,false,false,ture
646,2023-10-08 12:50:03.238000,揚げたこ焼き,1,false,ture,false,false,false
647,2023-10-08 12:50:33.118000,唐揚げ,1,false,ture,false,false,false
648,2023-10-08 12:51:30.238000,揚げたこ焼き,1,false,ture,false,false,false
649,2023-10-08 12:51:30.238000,ポテト,1,false,false,false,false,ture
650,2023-10-08 12:51:55.059000,唐揚げ,1,false,false,false,false,false
651,2023-10-08 12:52:28.079000,唐揚げ,1,false,false,false,false,false
652,2023-10-08 12:56:00.219000,ポテト,1,false,false,false,false,ture
653,2023-10-08 12:54:33.133000,唐揚げ,1,false,false,false,false,false
654,2023-10-08 12:54:33.133000,揚げたこ焼き,1,false,ture,false,false,false
655,2023-10-08 12:54:52.509000,唐揚げ,2,false,ture,false,false,false
656,2023-10-08 12:57:34.406000,唐揚げ,1,false,false,false,false,false
657,2023-10-08 12:57:34.406000,揚げたこ焼き,1,false,ture,false,false,false
658,2023-10-08 12:56:44.484000,唐揚げ,1,false,false,false,false,false
659,2023-10-08 12:57:52.924000,唐揚げ,1,false,false,false,false,false
660,2023-10-08 13:01:42.663000,揚げたこ焼き,1,ture,false,false,false,false
661,2023-10-08 13:01:42.663000,ソーダ,2,false,false,false,false,false
662,2023-10-08 13:07:11.628000,揚げたこ焼き,1,false,ture,false,false,false
663,2023-10-08 13:01:58.613000,ポテト,3,false,false,false,false,ture
664,2023-10-08 13:01:58.613000,唐揚げ,2,false,false,false,false,false
665,2023-10-08 13:00:27.734000,揚げたこ焼き,1,false,ture,false,false,false
666,2023-10-08 13:00:27.734000,ポテト,1,false,false,false,false,ture
667,2023-10-08 12:58:23.124000,ポテト,1,false,false,false,false,ture
668,2023-10-08 12:58:23.124000,揚げたこ焼き,1,false,ture,false,false,false
669,2023-10-08 12:58:40.804000,ポテト,1,false,false,false,false,false
670,2023-10-08 12:59:44.099000,ソーダ,2,false,false,false,false,false
671,2023-10-08 13:01:12.524000,ポテト,1,false,false,false,false,false
672,2023-10-08 13:04:09.289000,唐揚げ,1,false,false,false,ture,false
673,2023-10-08 13:03:39.564000,唐揚げ,1,ture,false,false,false,false
674,2023-10-08 13:00:53.694000,ポテト,1,false,ture,false,false,false
675,2023-10-08 13:00:53.694000,唐揚げ,1,false,ture,false,false,false
676,2023-10-08 13:00:53.694000,ソーダ,1,false,false,false,false,false
677,2023-10-08 13:20:56.587000,唐揚げ,1,false,false,false,false,false
678,2023-10-08 13:20:56.587000,揚げたこ焼き,1,false,false,false,false,false
679,2023-10-08 13:20:56.587000,ソーダ,1,false,false,false,false,false
680,2023-10-08 13:20:56.587000,ソーダ,1,false,false,false,false,false
681,2023-10-08 13:02:18.960000,唐揚げ,1,ture,false,false,false,false
682,2023-10-08 13:05:32.008000,唐揚げ,1,false,false,false,false,false
683,2023-10-08 13:05:32.008000,ポテト,1,false,false,false,false,false
684,2023-10-08 13:06:06.003000,ソーダ,1,false,false,false,false,false
685,2023-10-08 13:06:06.003000,ソーダ,1,false,false,false,false,false
686,2023-10-08 13:06:06.003000,唐揚げ,1,false,false,false,false,false
687,2023-10-08 13:06:53.863000,揚げたこ焼き,1,false,ture,false,false,false
688,2023-10-08 13:05:05.783000,唐揚げ,1,false,false,false,false,false
689,2023-10-08 13:06:23.324000,揚げたこ焼き,1,false,ture,false,false,false
690,2023-10-08 13:07:41.808000,唐揚げ,2,false,ture,false,false,false
691,2023-10-08 13:08:05.523000,ポテト,2,false,false,false,false,ture
692,2023-10-08 13:08:37.848000,揚げたこ焼き,1,false,ture,false,false,false
693,2023-10-08 13:08:53.083000,麦茶,1,false,false,false,false,false
694,2023-10-08 13:09:23.943000,麦茶,1,false,false,false,false,false
695,2023-10-08 13:13:50.582000,ポテト,1,false,false,false,false,ture
696,2023-10-08 13:11:12.848000,唐揚げ,1,false,false,false,false,false
697,2023-10-08 13:11:12.848000,揚げたこ焼き,1,false,ture,false,false,false
698,2023-10-08 13:09:49.208000,揚げたこ焼き,1,false,ture,false,false,false
699,2023-10-08 13:10:43.168000,ポテト,1,ture,false,false,false,false
700,2023-10-08 13:12:01.108000,唐揚げ,1,false,ture,false,false,false
701,2023-10-08 13:12:54.564000,唐揚げ,1,false,ture,false,false,false
702,2023-10-08 13:15:25.052000,揚げたこ焼き,1,false,ture,false,false,false
703,2023-10-08 13:15:25.052000,緑茶,1,false,false,false,false,false
704,2023-10-08 13:13:13.452000,唐揚げ,2,false,false,false,false,false
705,2023-10-08 13:13:13.452000,揚げたこ焼き,2,false,false,false,false,false
706,2023-10-08 13:14:26.054000,唐揚げ,2,false,ture,false,false,false
707,2023-10-08 13:15:47.204000,唐揚げ,1,false,ture,false,false,false
708,2023-10-08 13:15:47.204000,揚げたこ焼き,1,false,ture,false,false,false
709,2023-10-08 13:15:47.204000,緑茶,1,false,false,false,false,false
710,2023-10-08 13:16:29.444000,揚げたこ焼き,1,false,ture,false,false,false
711,2023-10-08 13:16:29.444000,唐揚げ,1,false,ture,false,false,false
712,2023-10-08 13:16:55.744000,唐揚げ,1,false,ture,false,false,false
713,2023-10-08 13:17:33.898000,ポテト,1,false,false,false,ture,false
714,2023-10-08 13:18:10.758000,ポテト,1,false,ture,false,false,false
715,2023-10-08 13:19:24.977000,唐揚げ,1,ture,false,false,false,false
716,2023-10-08 13:19:52.677000,揚げたこ焼き,1,false,ture,false,false,false
717,2023-10-08 13:22:28.175000,唐揚げ,1,ture,false,false,false,false
718,2023-10-08 13:22:28.175000,唐揚げ,1,ture,false,false,false,false
719,2023-10-08 13:24:10.403000,揚げたこ焼き,1,false,false,false,false,false
720,2023-10-08 13:24:10.403000,ポテト,1,ture,false,false,false,false
721,2023-10-08 13:23:41.313000,揚げたこ焼き,2,false,ture,false,false,false
722,2023-10-08 13:24:30.223000,唐揚げ,1,false,ture,false,false,false
723,2023-10-08 13:24:52.423000,唐揚げ,1,false,ture,false,false,false
724,2023-10-08 13:26:58.658000,唐揚げ,1,false,false,false,false,false
725,2023-10-08 13:26:58.658000,唐揚げ,2,false,false,false,false,false
726,2023-10-08 13:29:05.533000,唐揚げ,1,ture,false,false,false,false
727,2023-10-08 13:25:19.323000,唐揚げ,1,false,false,false,false,false
728,2023-10-08 13:25:19.323000,揚げたこ焼き,1,false,false,false,false,false
729,2023-10-08 13:27:28.856000,唐揚げ,1,false,ture,false,false,false
730,2023-10-08 13:25:50.488000,揚げたこ焼き,1,false,false,false,false,false
731,2023-10-08 13:29:33.963000,唐揚げ,1,false,false,false,false,false
732,2023-10-08 13:28:02.003000,唐揚げ,1,false,false,false,false,false
733,2023-10-08 13:28:41.433000,唐揚げ,1,false,false,false,false,false
734,2023-10-08 13:29:53.053000,唐揚げ,1,false,false,false,ture,false
735,2023-10-08 13:33:18.223000,唐揚げ,1,false,ture,false,false,false
736,2023-10-08 13:30:29.218000,唐揚げ,1,false,false,false,false,false
737,2023-10-08 13:30:05.223000,唐揚げ,1,ture,false,false,false,false
738,2023-10-08 13:30:05.223000,揚げたこ焼き,1,false,ture,false,false,false
739,2023-10-08 13:30:05.223000,ポテト,1,false,false,false,ture,false
740,2023-10-08 13:33:57.743000,唐揚げ,1,false,ture,false,false,false
741,2023-10-08 13:31:52.584000,唐揚げ,1,false,ture,false,false,false
742,2023-10-08 13:31:32.944000,ポテト,1,false,ture,false,false,false
743,2023-10-08 13:31:32.944000,揚げたこ焼き,1,false,ture,false,false,false
744,2023-10-08 13:31:16.534000,ポテト,1,false,false,false,false,false
745,2023-10-08 13:32:24.518000,揚げたこ焼き,1,false,ture,false,false,false
746,2023-10-08 13:34:42.763000,唐揚げ,1,false,false,false,false,false
747,2023-10-08 13:34:42.763000,ポテト,1,false,false,false,false,false
748,2023-10-08 13:35:06.853000,揚げたこ焼き,1,false,ture,false,false,false
749,2023-10-08 13:35:36.014000,揚げたこ焼き,1,false,false,ture,false,false
750,2023-10-08 13:38:11.079000,唐揚げ,1,false,ture,false,false,false
751,2023-10-08 13:37:30.088000,ポテト,1,ture,false,false,false,false
752,2023-10-08 13:38:39.258000,唐揚げ,1,false,false,false,false,false
753,2023-10-08 13:40:12.473000,緑茶,1,false,false,false,false,false
754,2023-10-08 13:41:55.409000,唐揚げ,1,false,false,false,ture,false
755,2023-10-08 13:41:55.409000,ポテト,1,false,false,false,false,ture
756,2023-10-08 13:42:36.070000,ポテト,1,false,false,false,false,ture
757,2023-10-08 13:42:36.070000,揚げたこ焼き,1,false,ture,false,false,false
758,2023-10-08 13:47:50.099000,揚げたこ焼き,1,false,ture,false,false,false
759,2023-10-08 13:43:57.006000,唐揚げ,1,false,false,false,false,false
760,2023-10-08 13:44:28.625000,揚げたこ焼き,1,false,ture,false,false,false
761,2023-10-08 13:45:13.999000,揚げたこ焼き,2,false,ture,false,false,false
762,2023-10-08 13:46:10.423000,揚げたこ焼き,1,false,ture,false,false,false
763,2023-10-08 13:47:24.483000,ソーダ,2,false,false,false,false,false
764,2023-10-08 13:47:24.483000,唐揚げ,1,false,false,false,false,false
765,2023-10-08 13:46:57.003000,ソーダ,1,false,false,false,false,false
766,2023-10-08 13:48:33.914000,ポテト,1,false,ture,false,false,false
767,2023-10-08 13:49:01.688000,唐揚げ,2,false,ture,false,false,false
768,2023-10-08 13:50:01.229000,ポテト,1,false,false,false,false,ture
769,2023-10-08 13:50:56.429000,唐揚げ,1,false,false,false,false,false
770,2023-10-08 13:52:25.918000,唐揚げ,1,false,false,false,false,false
771,2023-10-08 13:52:25.918000,ポテト,1,false,false,false,false,ture
772,2023-10-08 13:54:33.329000,ポテト,1,false,false,false,false,ture
773,2023-10-08 13:54:51.617000,ポテト,1,false,false,false,false,ture
774,2023-10-08 13:54:51.617000,唐揚げ,1,false,ture,false,false,false
775,2023-10-08 13:55:31.214000,唐揚げ,1,false,false,false,false,false
776,2023-10-08 13:55:48.014000,唐揚げ,2,false,ture,false,false,false
777,2023-10-08 13:56:12.412000,唐揚げ,1,false,ture,false,false,false
778,2023-10-08 13:56:12.412000,揚げたこ焼き,1,false,ture,false,false,false
779,2023-10-08 13:56:12.412000,揚げたこ焼き,1,false,ture,false,false,false
780,2023-10-08 13:57:30.924000,唐揚げ,1,ture,false,false,false,false
781,2023-10-08 13:58:15.694000,揚げたこ焼き,1,false,ture,false,false,false
782,2023-10-08 13:58:43.024000,ポテト,1,false,false,false,false,ture
783,2023-10-08 13:58:43.024000,唐揚げ,1,false,false,false,false,false
784,2023-10-08 13:58:43.024000,揚げたこ焼き,1,false,ture,false,false,false
785,2023-10-08 13:59:14.174000,唐揚げ,1,false,false,false,false,false
786,2023-10-08 14:00:08.942000,ポテト,1,false,false,false,false,ture
787,2023-10-08 14:01:44.874000,揚げたこ焼き,2,false,ture,false,false,false
788,2023-10-08 14:01:44.874000,唐揚げ,1,false,false,false,false,false
789,2023-10-08 14:01:44.874000,ポテト,1,false,ture,false,false,false
790,2023-10-08 14:02:21.204000,揚げたこ焼き,1,false,false,ture,false,false
791,2023-10-08 14:02:21.204000,揚げたこ焼き,1,false,false,ture,false,false
792,2023-10-08 14:03:03.524000,揚げたこ焼き,1,false,ture,false,false,false
793,2023-10-08 14:04:04.924000,唐揚げ,1,false,false,false,false,false
794,2023-10-08 14:04:04.924000,ポテト,1,false,false,false,ture,false
795,2023-10-08 14:03:41.943000,ポテト,1,false,false,false,false,ture
796,2023-10-08 14:03:41.943000,唐揚げ,1,false,false,false,false,false
797,2023-10-08 14:03:41.943000,揚げたこ焼き,1,false,ture,false,false,false
798,2023-10-08 14:04:45.819000,唐揚げ,1,false,false,false,false,false
799,2023-10-08 14:05:21.442000,唐揚げ,1,ture,false,false,false,false
800,2023-10-08 14:06:17.644000,唐揚げ,1,false,ture,false,false,false
801,2023-10-08 14:06:17.644000,揚げたこ焼き,1,false,ture,false,false,false
802,2023-10-08 14:06:17.644000,ポテト,1,false,ture,false,false,false
803,2023-10-08 14:06:17.644000,ソーダ,3,false,false,false,false,false
804,2023-10-08 14:07:32.297000,唐揚げ,1,false,ture,false,false,false
805,2023-10-08 14:07:32.297000,揚げたこ焼き,1,false,ture,false,false,false
806,2023-10-08 14:08:32.029000,揚げたこ焼き,1,false,ture,false,false,false
807,2023-10-08 14:09:18.207000,揚げたこ焼き,1,false,false,ture,false,false
808,2023-10-08 14:09:34.117000,揚げたこ焼き,1,false,ture,false,false,false
809,2023-10-08 14:09:47.739000,ポテト,1,false,ture,false,false,false
810,2023-10-08 14:10:24.649000,ソーダ,1,false,false,false,false,false
811,2023-10-08 14:11:34.127000,揚げたこ焼き,1,false,false,ture,false,false
812,2023-10-08 14:12:30.211000,唐揚げ,1,false,false,false,ture,false
813,2023-10-08 14:13:12.783000,揚げたこ焼き,1,false,ture,false,false,false
814,2023-10-08 14:14:06.849000,唐揚げ,1,false,ture,false,false,false
815,2023-10-08 14:15:05.955000,唐揚げ,1,false,false,false,false,false
816,2023-10-08 14:15:05.955000,ファンタオレンジ,1,false,false,false,false,false
817,2023-10-08 14:15:35.867000,唐揚げ,1,false,false,false,ture,false
818,2023-10-08 14:16:41.649000,ソーダ,1,false,false,false,false,false
819,2023-10-08 14:16:41.649000,緑茶,1,false,false,false,false,false
820,2023-10-08 14:16:41.649000,唐揚げ,1,false,false,false,false,false
821,2023-10-08 14:16:41.649000,揚げたこ焼き,1,false,ture,false,false,false
822,2023-10-08 14:17:04.269000,唐揚げ,1,false,ture,false,false,false
823,2023-10-08 14:17:33.380000,唐揚げ,1,ture,false,false,false,false
824,2023-10-08 14:17:53.831000,唐揚げ,1,false,ture,false,false,false
825,2023-10-08 14:18:30.170000,唐揚げ,1,false,ture,false,false,false
826,2023-10-08 14:24:34.874000,ポテト,1,false,ture,false,false,false
827,2023-10-08 14:25:53.982000,揚げたこ焼き,1,ture,false,false,false,false
828,2023-10-08 14:26:31.842000,揚げたこ焼き,1,false,false,ture,false,false
829,2023-10-08 14:26:31.842000,唐揚げ,1,false,false,false,false,false
830,2023-10-08 14:27:00.724000,揚げたこ焼き,1,false,ture,false,false,false
831,2023-10-08 14:27:00.724000,ポテト,1,false,false,false,ture,false
832,2023-10-08 14:28:05.584000,揚げたこ焼き,1,false,ture,false,false,false
833,2023-10-08 14:29:26.464000,ポテト,1,false,false,false,false,ture
834,2023-10-08 14:31:35.507000,唐揚げ,1,false,false,false,false,false
835,2023-10-08 14:35:29.022000,ポテト,1,false,false,false,false,ture
836,2023-10-08 14:38:02.129000,揚げたこ焼き,1,ture,false,false,false,false
837,2023-10-08 14:38:02.129000,ポテト,1,false,false,false,false,ture
838,2023-10-08 14:38:26.283000,揚げたこ焼き,2,false,ture,false,false,false
839,2023-10-08 14:40:23.154000,唐揚げ,1,false,ture,false,false,false
840,2023-10-08 14:41:41.602000,揚げたこ焼き,1,ture,false,false,false,false
841,2023-10-08 14:42:23.173000,緑茶,1,false,false,false,false,false
842,2023-10-08 14:42:49.768000,唐揚げ,1,false,false,false,false,false
843,2023-10-08 14:42:49.768000,水,1,false,false,false,false,false
844,2023-10-08 14:44:10.331000,ポテト,1,false,false,false,false,ture
845,2023-10-08 14:44:52.951000,唐揚げ,1,false,ture,false,false,false
846,2023-10-08 14:45:40.533000,揚げたこ焼き,1,false,false,false,false,false
847,2023-10-08 14:46:13.253000,揚げたこ焼き,1,false,ture,false,false,false
848,2023-10-08 14:47:42.338000,唐揚げ,1,false,false,false,false,false
849,2023-10-08 14:48:09.128000,揚げたこ焼き,1,false,false,false,false,false
850,2023-10-08 14:50:59.388000,ソーダ,1,false,false,false,false,false
851,2023-10-08 14:50:59.388000,ポテト,1,false,false,false,false,ture
852,2023-10-08 14:50:59.388000,ポテト,1,false,false,false,ture,false
853,2023-10-08 14:53:21.517000,ソーダ,1,false,false,false,false,false
854,2023-10-08 14:53:21.517000,ファンタオレンジ,1,false,false,false,false,false
855,2023-10-08 14:54:11.483000,ソーダ,1,false,false,false,false,false
856,2023-10-08 14:56:23.608000,揚げたこ焼き,1,false,ture,false,false,false
857,2023-10-08 14:59:05.753000,唐揚げ,2,false,false,false,false,false
858,2023-10-08 15:04:04.381000,ポテト,1,false,false,false,false,ture
859,2023-10-08 15:04:04.381000,唐揚げ,1,false,false,false,false,false
860,2023-10-08 15:04:59.781000,ポテト,1,false,false,false,false,ture
861,2023-10-08 15:05:23.221000,ポテト,1,false,false,false,false,ture
862,2023-10-08 15:05:38.258000,唐揚げ,1,false,ture,false,false,false
863,2023-10-08 15:06:40.823000,揚げたこ焼き,1,false,ture,false,false,false
864,2023-10-08 15:07:05.181000,揚げたこ焼き,1,ture,false,false,false,false
865,2023-10-08 15:07:34.331000,揚げたこ焼き,1,false,ture,false,false,false
866,2023-10-08 15:07:54.713000,唐揚げ,1,false,false,false,false,false
867,2023-10-08 15:08:51.088000,唐揚げ,1,false,false,false,false,false
868,2023-10-08 15:09:13.395000,ポテト,1,false,false,false,false,ture
869,2023-10-08 15:11:00.598000,ポテト,1,false,false,false,ture,false
870,2023-10-08 15:14:10.183000,ポテト,1,ture,false,false,false,false
871,2023-10-08 15:14:10.183000,唐揚げ,1,ture,false,false,false,false
872,2023-10-08 15:14:10.183000,揚げたこ焼き,1,ture,false,false,false,false
873,2023-10-08 15:14:10.183000,緑茶,2,false,false,false,false,false
874,2023-10-08 15:14:26.413000,唐揚げ,1,false,false,false,false,false
875,2023-10-08 15:15:21.042000,唐揚げ,1,false,false,false,false,false
876,2023-10-08 15:16:26.575000,唐揚げ,1,ture,false,false,false,false
877,2023-10-08 15:19:44.948000,ソーダ,1,false,false,false,false,false
878,2023-10-08 15:20:43.088000,ソーダ,1,false,false,false,false,false
879,2023-10-08 15:21:08.023000,ソーダ,1,false,false,false,false,false
880,2023-10-08 15:21:48.823000,唐揚げ,1,false,false,false,false,false
881,2023-10-08 15:24:15.857000,唐揚げ,1,false,false,false,false,false
882,2023-10-08 15:28:25.753000,唐揚げ,1,false,false,false,false,false
883,2023-10-08 15:28:49.667000,唐揚げ,1,false,false,false,false,false
884,2023-10-08 15:29:15.492000,唐揚げ,1,false,false,false,false,false
885,2023-10-08 15:29:45.808000,ソーダ,1,false,false,false,false,false
886,2023-10-08 15:30:21.992000,ポテト,1,false,false,false,ture,false
887,2023-10-08 15:30:41.642000,唐揚げ,1,false,false,false,false,false
888,2023-10-08 15:32:10.708000,唐揚げ,1,false,false,false,false,false
889,2023-10-08 15:32:10.708000,揚げたこ焼き,1,false,ture,false,false,false
890,2023-10-08 15:32:10.708000,緑茶,1,false,false,false,false,false
891,2023-10-08 15:33:40.058000,唐揚げ,1,false,ture,false,false,false
892,2023-10-08 15:35:35.758000,唐揚げ,1,false,false,false,false,false
893,2023-10-08 15:35:35.758000,ポテト,1,false,false,false,ture,false
894,2023-10-08 15:36:16.177000,唐揚げ,1,false,false,false,false,false
895,2023-10-08 15:36:16.177000,ファンタオレンジ,1,false,false,false,false,false
896,2023-10-08 15:37:52.557000,唐揚げ,1,ture,false,false,false,false
897,2023-10-08 15:39:50.541000,唐揚げ,1,false,false,false,false,false
898,2023-10-08 15:41:01.788000,揚げたこ焼き,1,false,ture,false,false,false
899,2023-10-08 15:42:09.415000,唐揚げ,1,false,false,false,false,false
900,2023-10-08 15:47:41.228000,唐揚げ,1,false,false,false,false,false
901,2023-10-08 15:48:54.258000,唐揚げ,1,false,ture,false,false,false
902,2023-10-08 15:48:54.258000,揚げたこ焼き,1,false,ture,false,false,false
903,2023-10-08 15:49:26.376000,揚げたこ焼き,1,false,ture,false,false,false
904,2023-10-08 15:50:01.376000,唐揚げ,1,false,ture,false,false,false
905,2023-10-08 15:51:59.488000,揚げたこ焼き,1,false,ture,false,false,false
906,2023-10-08 15:51:59.488000,ポテト,1,false,false,false,false,ture
907,2023-10-08 15:51:59.488000,ソーダ,1,false,false,false,false,false
908,2023-10-08 15:52:38.129000,唐揚げ,1,false,false,false,false,false
909,2023-10-08 16:00:41.662000,揚げたこ焼き,1,false,ture,false,false,false
910,2023-10-08 16:01:20.268000,唐揚げ,1,false,false,false,false,false
911,2023-10-08 16:01:20.268000,麦茶,1,false,false,false,false,false
912,2023-10-08 16:01:56.498000,唐揚げ,1,false,false,false,false,false
913,2023-10-08 16:01:56.498000,ポテト,1,false,false,false,ture,false
914,2023-10-08 16:03:12.757000,唐揚げ,1,false,false,false,false,false
915,2023-10-08 16:04:35.503000,揚げたこ焼き,1,false,ture,false,false,false
916,2023-10-08 16:05:47.194000,揚げたこ焼き,2,false,ture,false,false,false
917,2023-10-08 16:06:26.367000,唐揚げ,1,false,false,false,false,false
918,2023-10-08 16:06:26.367000,ポテト,1,false,false,false,false,ture
919,2023-10-08 16:09:28.938000,揚げたこ焼き,1,false,ture,false,false,false
920,2023-10-08 16:09:28.938000,唐揚げ,1,false,ture,false,false,false
921,2023-10-08 16:09:05.607000,唐揚げ,1,false,false,false,false,false
922,2023-10-08 16:10:26.098000,唐揚げ,1,false,false,false,false,false
923,2023-10-08 16:10:42.797000,唐揚げ,1,ture,false,false,false,false
924,2023-10-08 16:12:17.423000,唐揚げ,1,ture,false,false,false,false
925,2023-10-08 16:12:17.423000,ポテト,1,false,false,false,ture,false
926,2023-10-08 16:12:33.627000,揚げたこ焼き,1,false,false,ture,false,false
927,2023-10-08 16:13:43.517000,揚げたこ焼き,2,false,ture,false,false,false
928,2023-10-08 16:14:35.763000,緑茶,1,false,false,false,false,false
929,2023-10-08 16:14:35.763000,唐揚げ,1,false,ture,false,false,false
930,2023-10-08 16:19:32.478000,唐揚げ,1,false,false,false,false,false
931,2023-10-08 16:19:16.678000,ポテト,1,ture,false,false,false,false
932,2023-10-08 16:19:16.678000,唐揚げ,1,ture,false,false,false,false
933,2023-10-08 16:19:16.678000,揚げたこ焼き,1,ture,false,false,false,false
934,2023-10-08 16:19:16.678000,ファンタグレープ,1,false,false,false,false,false
935,2023-10-08 16:20:09.110000,揚げたこ焼き,2,false,ture,false,false,false
936,2023-10-08 16:23:03.474000,揚げたこ焼き,1,false,ture,false,false,false
937,2023-10-08 16:23:03.474000,唐揚げ,1,false,false,false,ture,false
938,2023-10-08 16:30:37.725000,唐揚げ,1,false,ture,false,false,false
939,2023-10-08 16:30:56.277000,唐揚げ,1,ture,false,false,false,false
940,2023-10-08 16:32:48.724000,唐揚げ,1,false,false,false,false,false
941,2023-10-08 16:32:48.724000,ポテト,1,false,ture,false,false,false
942,2023-10-08 16:33:33.225000,ポテト,1,false,false,false,false,ture
943,2023-10-08 16:33:33.225000,揚げたこ焼き,1,false,ture,false,false,false
944,2023-10-08 16:33:59.053000,揚げたこ焼き,1,false,ture,false,false,false
945,2023-10-08 16:35:34.065000,唐揚げ,1,false,ture,false,false,false
946,2023-10-08 16:36:34.476000,ポテト,1,false,false,false,false,ture
947,2023-10-08 16:36:34.476000,唐揚げ,1,false,false,false,false,false
948,2023-10-08 16:34:58.305000,ポテト,1,ture,false,false,false,false
949,2023-10-08 16:34:58.305000,ポテト,1,false,false,false,ture,false
950,2023-10-08 16:36:53.195000,唐揚げ,1,false,false,false,false,false
951,2023-10-08 16:40:43.028000,唐揚げ,1,false,false,false,ture,false
952,2023-10-08 16:40:43.028000,ポテト,1,false,false,false,false,ture
953,2023-10-08 16:40:43.028000,揚げたこ焼き,1,false,false,ture,false,false
954,2023-10-08 16:36:00.644000,揚げたこ焼き,1,false,ture,false,false,false
955,2023-10-08 16:37:21.757000,唐揚げ,1,false,ture,false,false,false
956,2023-10-08 16:37:49.073000,唐揚げ,1,false,ture,false,false,false
957,2023-10-08 16:37:49.073000,揚げたこ焼き,1,false,ture,false,false,false
958,2023-10-08 16:39:16.241000,揚げたこ焼き,1,false,ture,false,false,false
959,2023-10-08 16:39:16.241000,唐揚げ,1,false,ture,false,false,false
960,2023-10-08 16:41:10.198000,唐揚げ,1,ture,false,false,false,false
961,2023-10-08 16:40:09.651000,揚げたこ焼き,1,ture,false,false,false,false
962,2023-10-08 16:40:09.651000,唐揚げ,1,false,false,false,false,false
963,2023-10-08 16:48:44.094000,ポテト,1,false,false,false,false,false
964,2023-10-08 16:48:44.094000,唐揚げ,1,false,false,false,false,false
965,2023-10-08 16:48:44.094000,揚げたこ焼き,1,false,false,false,false,false
966,2023-10-08 16:41:43.146000,唐揚げ,1,false,false,false,false,false
967,2023-10-08 16:42:21.911000,揚げたこ焼き,1,false,ture,false,false,false
968,2023-10-08 16:42:54.333000,唐揚げ,1,false,ture,false,false,false
969,2023-10-08 16:43:59.143000,ポテト,1,false,ture,false,false,false
970,2023-10-08 16:43:30.051000,揚げたこ焼き,1,ture,false,false,false,false
971,2023-10-08 16:47:15.354000,唐揚げ,1,false,false,false,false,false
972,2023-10-08 16:45:31.922000,揚げたこ焼き,1,false,false,false,false,false
973,2023-10-08 16:44:29.613000,唐揚げ,3,false,ture,false,false,false
974,2023-10-08 16:46:01.721000,ポテト,1,false,ture,false,false,false
975,2023-10-08 16:46:29.563000,唐揚げ,2,false,false,false,false,false
976,2023-10-08 16:46:29.563000,ポテト,1,false,false,false,false,false
977,2023-10-08 16:47:31.489000,ファンタグレープ,1,false,false,false,false,false
978,2023-10-08 16:46:59.038000,唐揚げ,1,false,ture,false,false,false
979,2023-10-08 16:47:52.228000,揚げたこ焼き,3,false,ture,false,false,false
980,2023-10-08 16:47:52.228000,ポテト,1,false,ture,false,false,false
981,2023-10-08 16:47:52.228000,ポテト,2,false,false,false,false,ture
982,2023-10-08 16:48:12.008000,揚げたこ焼き,1,false,ture,false,false,false
983,2023-10-08 16:49:06.860000,唐揚げ,1,false,ture,false,false,false
984,2023-10-08 16:49:06.860000,ポテト,1,false,false,false,ture,false
985,2023-10-08 16:50:51.528000,揚げたこ焼き,1,ture,false,false,false,false
986,2023-10-08 16:53:42.163000,唐揚げ,1,false,ture,false,false,false
987,2023-10-08 16:55:01.786000,唐揚げ,1,ture,false,false,false,false
988,2023-10-08 16:55:42.166000,揚げたこ焼き,1,false,ture,false,false,false
989,2023-10-08 16:55:59.836000,唐揚げ,1,false,ture,false,false,false
990,2023-10-08 16:56:30.397000,ポテト,1,false,false,false,false,ture
991,2023-10-08 16:57:05.957000,唐揚げ,1,ture,false,false,false,false
992,2023-10-08 16:58:56.005000,ポテト,1,false,false,false,false,ture
993,2023-10-08 16:59:52.363000,唐揚げ,1,false,false,false,false,false
994,2023-10-08 17:00:25.443000,揚げたこ焼き,1,false,ture,false,false,false
995,2023-10-08 17:00:56.745000,唐揚げ,1,false,false,false,false,false
996,2023-10-08 17:02:10.373000,揚げたこ焼き,1,false,ture,false,false,false
997,2023-10-08 17:02:29.981000,唐揚げ,1,false,ture,false,false,false
998,2023-10-08 17:02:29.981000,ポテト,1,false,false,false,false,ture
999,2023-10-08 17:04:00.983000,唐揚げ,1,false,ture,false,false,false
1000,2023-10-08 17:04:00.983000,ポテト,1,false,false,false,ture,false
1001,2023-10-08 17:05:02.744000,ポテト,1,false,false,false,false,ture
1002,2023-10-08 17:05:22.237000,唐揚げ,1,false,ture,false,false,false
1003,2023-10-08 17:06:58.167000,ポテト,1,false,ture,false,false,false
1004,2023-10-08 17:07:34.845000,緑茶,1,false,false,false,false,false
1005,2023-10-08 17:07:58.135000,揚げたこ焼き,1,false,ture,false,false,false
1006,2023-10-08 17:10:53.874000,唐揚げ,2,false,false,false,false,false
1007,2023-10-08 17:11:22.408000,唐揚げ,1,false,ture,false,false,false
1008,2023-10-08 17:12:36.208000,唐揚げ,1,false,false,false,false,false
1009,2023-10-08 17:13:28.253000,唐揚げ,1,ture,false,false,false,false
1010,2023-10-08 17:13:28.253000,唐揚げ,1,false,ture,false,false,false
1011,2023-10-08 17:15:02.058000,揚げたこ焼き,2,false,ture,false,false,false
1012,2023-10-08 17:15:21.373000,唐揚げ,1,false,false,false,false,false
1013,2023-10-08 17:19:51.589000,ポテト,1,false,false,false,false,ture
1014,2023-10-08 17:19:51.589000,唐揚げ,1,false,ture,false,false,false
1015,2023-10-08 17:19:51.589000,揚げたこ焼き,1,false,ture,false,false,false
1016,2023-10-08 17:19:51.589000,ファンタグレープ,1,false,false,false,false,false
1017,2023-10-08 17:19:51.589000,緑茶,2,false,false,false,false,false
1018,2023-10-08 17:22:04.983000,揚げたこ焼き,1,false,false,ture,false,false
1019,2023-10-08 17:22:25.979000,唐揚げ,1,false,false,false,false,false
1020,2023-10-08 17:24:53.479000,揚げたこ焼き,1,false,ture,false,false,false
1021,2023-10-08 17:26:55.788000,揚げたこ焼き,1,false,ture,false,false,false
1022,2023-10-08 17:26:55.788000,ファンタグレープ,1,false,false,false,false,false
1023,2023-10-08 17:26:55.788000,コーラ,1,false,false,false,false,false
1024,2023-10-08 17:27:34.979000,揚げたこ焼き,1,false,ture,false,false,false
1025,2023-10-08 17:27:34.979000,コーラ,1,false,false,false,false,false
1026,2023-10-08 17:30:22.981000,ポテト,1,false,false,false,false,ture
1027,2023-10-08 17:30:22.981000,揚げたこ焼き,1,false,ture,false,false,false
1028,2023-10-08 17:32:24.198000,揚げたこ焼き,1,false,ture,false,false,false
1029,2023-10-08 17:33:28.740000,ポテト,1,false,false,false,ture,false
1030,2023-10-08 17:34:02.304000,緑茶,1,false,false,false,false,false
1031,2023-10-08 17:34:02.304000,緑茶,1,false,false,false,false,false
1032,2023-10-08 17:34:02.304000,緑茶,1,false,false,false,false,false
1033,2023-10-08 17:34:02.304000,ポテト,1,false,false,false,false,ture
1034,2023-10-08 17:34:02.304000,揚げたこ焼き,2,false,ture,false,false,false
1035,2023-10-08 17:34:23.708000,ポテト,1,false,false,false,false,ture
1036,2023-10-08 17:34:23.708000,緑茶,1,false,false,false,false,false
1037,2023-10-08 17:35:05.407000,揚げたこ焼き,1,ture,false,false,false,false
1038,2023-10-08 17:35:23.656000,揚げたこ焼き,1,false,ture,false,false,false
1039,2023-10-08 17:36:32.242000,揚げたこ焼き,1,false,false,false,false,false
1040,2023-10-08 17:36:32.242000,ポテト,1,false,false,false,false,ture
1041,2023-10-08 17:35:44.678000,揚げたこ焼き,1,false,ture,false,false,false
1042,2023-10-08 17:36:54.747000,揚げたこ焼き,1,ture,false,false,false,false
1043,2023-10-08 17:37:17.457000,揚げたこ焼き,1,false,ture,false,false,false
1044,2023-10-08 17:38:07.280000,揚げたこ焼き,1,false,ture,false,false,false
1045,2023-10-08 17:39:41.239000,ポテト,1,false,false,false,ture,false
1046,2023-10-08 17:39:41.239000,揚げたこ焼き,1,false,ture,false,false,false
1047,2023-10-08 17:40:07.914000,揚げたこ焼き,2,false,ture,false,false,false
1048,2023-10-08 17:41:42.271000,ポテト,2,false,false,false,false,ture
1049,2023-10-08 17:41:42.271000,ポテト,1,false,ture,false,false,false
1050,2023-10-08 17:42:48.419000,ポテト,1,false,ture,false,false,false
1051,2023-10-08 17:42:48.419000,ポテト,1,false,false,false,false,ture
1052,2023-10-08 17:42:59.279000,ポテト,1,false,false,false,ture,false
1053,2023-10-08 17:43:32.111000,揚げたこ焼き,1,false,ture,false,false,false
1054,2023-10-08 17:43:32.111000,ポテト,1,false,false,false,false,ture
1055,2023-10-08 17:43:44.409000,ポテト,1,false,false,false,ture,false
1056,2023-10-08 17:44:12.679000,ポテト,2,false,false,false,false,ture
1057,2023-10-08 17:46:09.419000,ポテト,1,false,ture,false,false,false
1058,2023-10-08 17:46:09.419000,揚げたこ焼き,1,false,ture,false,false,false
1059,2023-10-08 17:47:13.189000,揚げたこ焼き,1,false,ture,false,false,false
1060,2023-10-08 17:47:43.517000,ポテト,1,false,false,false,ture,false
1061,2023-10-08 17:47:43.517000,揚げたこ焼き,1,false,ture,false,false,false
1062,2023-10-08 17:49:07.936000,揚げたこ焼き,1,false,ture,false,false,false
1063,2023-10-08 17:49:53.389000,揚げたこ焼き,1,ture,false,false,false,false
1064,2023-10-08 17:51:11.087000,ポテト,1,false,false,false,false,ture
1065,2023-10-08 17:51:52.149000,揚げたこ焼き,1,false,ture,false,false,false
1066,2023-10-08 17:52:27.037000,揚げたこ焼き,1,false,ture,false,false,false
1067,2023-10-08 17:53:01.217000,ポテト,1,false,false,false,false,ture
1068,2023-10-08 17:53:01.217000,揚げたこ焼き,1,false,ture,false,false,false
1069,2023-10-08 17:55:30.317000,揚げたこ焼き,2,false,ture,false,false,false
1070,2023-10-08 17:56:43.557000,ポテト,1,false,false,false,ture,false
1071,2023-10-08 17:56:43.557000,揚げたこ焼き,1,false,ture,false,false,false
1072,2023-10-08 17:57:40.568000,ポテト,1,false,false,false,false,ture
1073,2023-10-08 17:58:12.143000,ポテト,1,false,false,false,false,ture
1074,2023-10-08 17:58:39.463000,揚げたこ焼き,1,false,ture,false,false,false
1075,2023-10-08 17:59:23.223000,揚げたこ焼き,1,false,ture,false,false,false
1076,2023-10-08 17:59:23.223000,ポテト,1,false,false,false,ture,false
1077,2023-10-08 17:59:23.223000,緑茶,1,false,false,false,false,false
1078,2023-10-08 18:00:52.673000,ポテト,1,ture,false,false,false,false
1079,2023-10-08 18:00:52.673000,ポテト,1,false,false,false,false,ture
1080,2023-10-08 18:02:31.478000,ポテト,1,false,false,false,false,ture
1081,2023-10-08 18:02:53.456000,ポテト,1,false,ture,false,false,false
1082,2023-10-08 18:03:34.730000,揚げたこ焼き,1,ture,false,false,false,false
1083,2023-10-08 18:04:52.424000,揚げたこ焼き,1,false,false,false,false,false
1084,2023-10-08 18:06:01.184000,ポテト,1,false,ture,false,false,false
1085,2023-10-08 18:06:01.184000,揚げたこ焼き,1,false,ture,false,false,false
1086,2023-10-08 18:06:49.940000,ポテト,1,false,false,false,ture,false
1087,2023-10-08 18:06:49.940000,ポテト,1,false,false,false,ture,false
1088,2023-10-08 18:06:49.940000,揚げたこ焼き,2,false,ture,false,false,false
1089,2023-10-08 18:07:26.200000,揚げたこ焼き,1,false,false,ture,false,false
1090,2023-10-08 18:07:42.242000,揚げたこ焼き,1,false,ture,false,false,false
1091,2023-10-08 18:08:49.802000,ポテト,1,false,ture,false,false,false
1092,2023-10-08 18:08:49.802000,揚げたこ焼き,1,false,false,ture,false,false
1093,2023-10-08 18:08:33.634000,ポテト,1,false,ture,false,false,false
1094,2023-10-08 18:08:33.634000,揚げたこ焼き,2,false,ture,false,false,false
1095,2023-10-08 18:09:11.738000,ポテト,1,false,false,false,false,ture
1096,2023-10-08 18:09:26.253000,ポテト,1,false,false,false,false,ture
1097,2023-10-08 18:09:54.868000,ポテト,1,false,false,false,false,ture
1098,2023-10-08 18:11:05.313000,揚げたこ焼き,1,ture,false,false,false,false
1099,2023-10-08 18:11:11.464000,揚げたこ焼き,1,false,ture,false,false,false
1100,2023-10-08 18:11:11.464000,ポテト,1,false,false,false,false,ture
1101,2023-10-08 18:10:34.320000,ポテト,1,false,false,false,false,ture
1102,2023-10-08 18:11:41.979000,ポテト,1,false,false,false,ture,false
1103,2023-10-08 18:11:41.979000,ポテト,1,false,false,false,ture,false
1104,2023-10-08 18:12:41.373000,ポテト,1,false,false,false,ture,false
1105,2023-10-08 18:12:41.373000,揚げたこ焼き,1,false,ture,false,false,false
1106,2023-10-08 18:12:52.913000,麦茶,1,false,false,false,false,false
1107,2023-10-08 18:13:41.004000,ポテト,1,false,false,false,false,ture
1108,2023-10-08 18:15:21.472000,揚げたこ焼き,3,false,ture,false,false,false
1109,2023-10-08 18:15:21.472000,ポテト,3,false,false,false,false,ture
1110,2023-10-08 18:15:01.068000,揚げたこ焼き,1,false,ture,false,false,false
1111,2023-10-08 18:15:01.068000,ポテト,1,false,false,false,false,ture
1112,2023-10-08 18:20:07.763000,ポテト,1,false,false,false,ture,false
1113,2023-10-08 18:37:56.798000,揚げたこ焼き,1,false,ture,false,false,false
1114,2023-10-08 18:39:00.017000,ポテト,1,false,false,false,ture,false
1115,2023-10-08 18:39:23.655000,揚げたこ焼き,1,false,ture,false,false,false
1116,2023-10-08 18:40:57.983000,揚げたこ焼き,5,ture,false,false,false,false
1117,2023-10-08 18:40:57.983000,ポテト,5,ture,false,false,false,false
1118,2023-10-08 18:44:57.483000,揚げたこ焼き,1,ture,false,false,false,false
1119,2023-10-08 18:48:35.493000,ポテト,1,ture,false,false,false,false
1120,2023-10-08 18:48:35.493000,ポテト,1,ture,false,false,false,false
1121,2023-10-08 18:48:35.493000,揚げたこ焼き,1,ture,false,false,false,false
1122,2023-10-08 18:48:35.493000,揚げたこ焼き,1,ture,false,false,false,false
1123,2023-10-08 18:54:26.900000,揚げたこ焼き,1,ture,false,false,false,false
1124,2023-10-08 18:55:10.128000,揚げたこ焼き,1,false,ture,false,false,false
1125,2023-10-08 18:55:47.600000,揚げたこ焼き,1,false,ture,false,false,false
1126,2023-10-08 18:58:39.011000,揚げたこ焼き,2,false,ture,false,false,false
1127,2023-10-08 18:58:59.929000,揚げたこ焼き,1,false,ture,false,false,false
1128,2023-10-08 18:59:13.325000,揚げたこ焼き,1,ture,false,false,false,false
1129,2023-10-08 18:59:32.030000,揚げたこ焼き,2,ture,false,false,false,false
1130,2023-10-08 18:59:54.269000,揚げたこ焼き,2,false,ture,false,false,false
